case,TOTALCOST,TOTAL_NUMBER_OF VEHICLES,CONSTRUCTION_TIME,IMPROVEMENT_TIME,ELAPSED_TIME
C1_6_1,0.0037660783946193,0.0,,,
C1_6_2,1544.2336240040968,7.0,,,
R2_6_2,-739.3867375955906,3.0,,,
C2_6_1,202.86195852780656,2.0,,,
RC1_6_1,-4404.906473460944,7.0,,,
RC2_6_1,-1858.3758093289323,6.0,,,
RC1_6_2,-3864.9269874031215,3.0,,,
RC2_6_2,-1152.908267908082,6.0,,,
R2_6_1,425.8381209131367,3.0,,,
R1_6_1,1683.090603498811,4.0,,,
R1_6_2,2786.443379663291,3.0,,,
C2_6_2,642.3572995916729,3.0,,,
