,TOTALCOST,TOTAL_NUMBER_OF VEHICLES,CONSTRUCTION_TIME,IMPROVEMENT_TIME,ELAPSED_TIME
count,12.0,12.0,0.0,0.0,0.0
mean,-394.6396269516217,3.9166666666666665,,,
std,2162.0331226872504,2.151461800448216,,,
min,-4404.906473460944,0.0,,,
25%,-1329.2751532632947,3.0,,,
50%,101.43286230310059,3.0,,,
75%,867.8263806947789,6.0,,,
max,2786.443379663291,7.0,,,
