,TOTALCOST,TOTAL_NUMBER_OF VEHICLES,CONSTRUCTION_TIME,IMPROVEMENT_TIME,ELAPSED_TIME
count,23.0,23.0,0.0,0.0,0.0
mean,93.40064127131959,0.8260869565217391,,,
std,49.48680874105397,1.1541298931561732,,,
min,13.630354162194294,-3.0,,,
25%,50.755585812080994,0.5,,,
50%,93.82244011058276,1.0,,,
75%,129.980684791158,1.0,,,
max,229.7392426287289,3.0,,,
