,TOTALCOST,TOTAL_NUMBER_OF VEHICLES,CONSTRUCTION_TIME,IMPROVEMENT_TIME,ELAPSED_TIME
count,4.0,4.0,0.0,0.0,0.0
mean,-2820.27938452527,5.5,,,
std,1560.7387731126921,1.7320508075688772,,,
min,-4404.906473460944,3.0,,,
25%,-3999.921858917577,5.25,,,
50%,-2861.651398366027,6.0,,,
75%,-1682.0089239737197,6.25,,,
max,-1152.908267908082,7.0,,,
