,TOTALCOST,TOTAL_NUMBER_OF VEHICLES,CONSTRUCTION_TIME,IMPROVEMENT_TIME,ELAPSED_TIME
count,12.0,12.0,0.0,0.0,0.0
mean,7.650337876917754,24.696799152806133,,,
std,6.017909798642318,21.987203124633094,,,
min,1.4904367504653082,3.333333333333333,,,
25%,3.166382693080968,6.8434343434343425,,,
50%,5.172570772873003,14.583333333333332,,,
75%,11.859975008508215,38.63636363636364,,,
max,17.0178646865441,66.66666666666666,,,
