,TOTALCOST,TOTAL_NUMBER_OF VEHICLES,CONSTRUCTION_TIME,IMPROVEMENT_TIME,ELAPSED_TIME
count,60.0,60.0,0.0,0.0,60.0
mean,-0.5169006277814289,-3.6100415179362546,,,53005.18603419995
std,5.099468702626411,10.16589000470117,,,85429.3841989103
min,-12.906292502220037,-28.57142857142857,,,902.243471791351
25%,-5.087198722181844,-12.5,,,7790.776514143627
50%,-0.6456583910872349,0.0,,,18764.785162787066
75%,3.045905612049269,0.0,,,67696.28950120296
max,13.295095801916592,25.0,,,585023.2876675276
