,TOTALCOST,TOTAL_NUMBER_OF VEHICLES,CONSTRUCTION_TIME,IMPROVEMENT_TIME,ELAPSED_TIME
count,56.0,56.0,0.0,0.0,0.0
mean,71.51306599519111,0.8392857142857143,,,
std,70.2230395218228,1.27602772432528,,,
min,-72.9347696551904,-3.0,,,
25%,14.027155841422172,0.0,,,
50%,61.99006094968695,1.0,,,
75%,124.60718703940353,2.0,,,
max,261.9118655247128,4.0,,,
