,TOTALCOST,TOTAL_NUMBER_OF VEHICLES,CONSTRUCTION_TIME,IMPROVEMENT_TIME,ELAPSED_TIME
count,4.0,4.0,0.0,0.0,0.0
mean,-18.536592134376033,27.759740259740255,,,
std,7.792111846461579,21.95493501026331,,,
min,-25.937365517121048,5.454545454545454,,,
25%,-24.698289744956906,10.90909090909091,,,
50%,-19.115936453746254,27.792207792207787,,,
75%,-12.954238843165383,44.64285714285714,,,
max,-9.977130112890578,50.0,,,
