case,TOTALCOST,TOTAL_NUMBER_OF VEHICLES,CONSTRUCTION_TIME,IMPROVEMENT_TIME,ELAPSED_TIME
RC1_6_1,-25.937365517121048,12.727272727272728,,,
RC2_6_1,-13.94660841992365,42.85714285714285,,,
RC1_6_2,-24.28526448756886,5.454545454545454,,,
RC2_6_2,-9.977130112890578,50.0,,,
