,TOTALCOST,TOTAL_NUMBER_OF VEHICLES,CONSTRUCTION_TIME,IMPROVEMENT_TIME,ELAPSED_TIME
count,20.0,20.0,0.0,0.0,20.0
mean,-2.9181252175528924,-4.713106259617888,,,130213.45819039363
std,4.928888081677863,7.544250414470692,,,168370.11023364123
min,-10.86425511472577,-23.07692307692308,,,2695.8504498792227
25%,-5.881885505004472,-8.75,,,7316.450500215442
50%,-3.2484984885908976,-1.25,,,57781.2058407961
75%,-0.19962948875424108,0.0,,,170287.95274356555
max,7.961743094545709,2.631578947368421,,,613617.0407191811
