,TOTALCOST,TOTAL_NUMBER_OF VEHICLES,CONSTRUCTION_TIME,IMPROVEMENT_TIME,ELAPSED_TIME
count,20.0,20.0,0.0,0.0,0.0
mean,303.51586297769813,1.6,,,
std,309.57439620752297,1.142481141154959,,,
min,-591.735405002818,0.0,,,
25%,144.84620393686362,1.0,,,
50%,321.04031660200803,1.0,,,
75%,540.3031255399987,2.25,,,
max,705.9058228539247,4.0,,,
