,TOTALCOST,TOTAL_NUMBER_OF VEHICLES,CONSTRUCTION_TIME,IMPROVEMENT_TIME,ELAPSED_TIME
count,20.0,20.0,0.0,0.0,0.0
mean,12.25489120778091,9.458333333333332,,,
std,6.374994969429028,9.89978824735308,,,
min,-3.2286785444242705,0.0,,,
25%,9.902505929669564,2.7777777777777777,,,
50%,12.577441971367765,8.333333333333332,,,
75%,17.24978896298088,12.5,,,
max,20.41106730959497,37.5,,,
