,TOTALCOST,TOTAL_NUMBER_OF VEHICLES,CONSTRUCTION_TIME,IMPROVEMENT_TIME,ELAPSED_TIME
count,60.0,60.0,0.0,0.0,0.0
mean,9.649953758568751,14.605329105329107,,,
std,6.788882687979205,14.032694846138597,,,
min,-9.42700587345655,0.0,,,
25%,4.517368182150634,2.7777777777777777,,,
50%,10.473228466713369,11.11111111111111,,,
75%,14.859490411470185,17.045454545454543,,,
max,20.854388364865947,62.5,,,
