,TOTALCOST,TOTAL_NUMBER_OF VEHICLES,CONSTRUCTION_TIME,IMPROVEMENT_TIME,ELAPSED_TIME
count,17.0,17.0,0.0,0.0,0.0
mean,3.3857651692525423,0.0,,,
std,5.140006007583216,0.0,,,
min,0.1978565143036234,0.0,,,
25%,0.1978565143036371,0.0,,,
50%,0.4254008127224657,0.0,,,
75%,3.915086512551273,0.0,,,
max,17.897050778521997,0.0,,,
