,TOTALCOST,TOTAL_NUMBER_OF VEHICLES,CONSTRUCTION_TIME,IMPROVEMENT_TIME,ELAPSED_TIME
count,20.0,20.0,0.0,0.0,0.0
mean,10.336296324928881,27.305555555555554,,,
std,9.286759704383565,29.489524687197026,,,
min,-13.199069517992172,0.0,,,
25%,3.205842411210659,5.555555555555555,,,
50%,12.038770196179009,16.666666666666664,,,
75%,16.92193820087349,50.0,,,
max,22.408926128101072,100.0,,,
