,TOTALCOST,TOTAL_NUMBER_OF VEHICLES,CONSTRUCTION_TIME,IMPROVEMENT_TIME,ELAPSED_TIME
count,12.0,12.0,0.0,0.0,0.0
mean,-2.7223340948422052,18.2648168409634,,,
std,13.386182790266744,15.611139968641396,,,
min,-25.937365517121048,0.0,,,
25%,-10.969499689648845,6.473634651600753,,,
50%,1.1695397375058791,12.613636363636363,,,
75%,7.800504800512732,27.27272727272727,,,
max,14.9929694897137,50.0,,,
