,TOTALCOST,TOTAL_NUMBER_OF VEHICLES,CONSTRUCTION_TIME,IMPROVEMENT_TIME,ELAPSED_TIME
count,20.0,20.0,0.0,0.0,20.0
mean,-1.7030871814138422,-2.113095238095238,,,22652.034490500057
std,5.338045881206712,5.9570000874409175,,,18612.846904163784
min,-12.906292502220037,-12.5,,,902.243471791351
25%,-5.410618970337898,-4.761904761904762,,,5417.101477931324
50%,-1.147396198612722,0.0,,,18611.561575569347
75%,1.6081988519811556,0.0,,,39774.00904197611
max,8.973210451885718,14.285714285714285,,,57061.34922008793
