,TOTALCOST,TOTAL_NUMBER_OF VEHICLES,CONSTRUCTION_TIME,IMPROVEMENT_TIME,ELAPSED_TIME
count,23.0,23.0,0.0,0.0,0.0
mean,9.27875033447548,19.14972708450969,,,
std,5.7059523855451495,22.101533923132475,,,
min,1.651123432768957,-37.5,,,
25%,5.370027164881622,2.5,,,
50%,9.7642203095686,18.181818181818183,,,
75%,12.657506119913032,33.33333333333333,,,
max,25.269396215047838,50.0,,,
