,TOTALCOST,TOTAL_NUMBER_OF VEHICLES,CONSTRUCTION_TIME,IMPROVEMENT_TIME,ELAPSED_TIME
count,20.0,20.0,0.0,0.0,0.0
mean,279.279147727968,1.65,,,
std,207.89238723776208,1.1821033884786185,,,
min,-381.7412417068563,0.0,,,
25%,198.4845575104231,1.0,,,
50%,284.3505032650828,1.0,,,
75%,442.34226104261677,2.25,,,
max,574.5635999875954,4.0,,,
