,TOTALCOST,TOTAL_NUMBER_OF VEHICLES,CONSTRUCTION_TIME,IMPROVEMENT_TIME,ELAPSED_TIME
count,4.0,4.0,0.0,0.0,0.0
mean,1038.996341619912,3.25,,,
std,1528.29294192488,0.5,,,
min,-739.3867375955906,3.0,,,
25%,134.5319062859549,3.0,,,
50%,1054.4643622059739,3.0,,,
75%,1958.928797539931,3.25,,,
max,2786.443379663291,4.0,,,
