,TOTALCOST,TOTAL_NUMBER_OF VEHICLES,CONSTRUCTION_TIME,IMPROVEMENT_TIME,ELAPSED_TIME
count,60.0,60.0,0.0,0.0,0.0
mean,206.04361345012825,1.4666666666666666,,,
std,190.28850419631544,0.9471932966627973,,,
min,-381.7412417068563,0.0,,,
25%,81.17098842807764,1.0,,,
50%,210.7839088309879,1.0,,,
75%,310.021911686097,2.0,,,
max,574.5635999875954,4.0,,,
