,TOTALCOST,TOTAL_NUMBER_OF VEHICLES,CONSTRUCTION_TIME,IMPROVEMENT_TIME,ELAPSED_TIME
count,20.0,20.0,0.0,0.0,0.0
mean,104.79732501977605,1.05,,,
std,132.16346376474942,0.6863327411532596,,,
min,-94.11170106274268,0.0,,,
25%,1.8993353081883697,1.0,,,
50%,92.84540477800863,1.0,,,
75%,195.46947704263496,1.25,,,
max,364.3830308272941,2.0,,,
