,TOTALCOST,TOTAL_NUMBER_OF VEHICLES,CONSTRUCTION_TIME,IMPROVEMENT_TIME,ELAPSED_TIME
count,20.0,20.0,0.0,0.0,0.0
mean,447.27641212851614,3.05,,,
std,297.75449358836426,1.3562719801759993,,,
min,-182.88087009783885,1.0,,,
25%,267.14653536518585,2.0,,,
50%,440.6420478420446,3.0,,,
75%,700.0750038884215,4.0,,,
max,950.0911920600612,5.0,,,
