,TOTALCOST,TOTAL_NUMBER_OF VEHICLES,CONSTRUCTION_TIME,IMPROVEMENT_TIME,ELAPSED_TIME
count,56.0,56.0,0.0,0.0,0.0
mean,7.00094467768603,19.229560122417265,,,
std,7.183875321100085,33.77247360872187,,,
min,-6.1202290555668695,-37.5,,,
25%,2.1776232909419133,0.0,,,
50%,5.451578142279558,6.904761904761905,,,
75%,11.135803398985463,25.0,,,
max,28.643094217637312,150.0,,,
