,TOTALCOST,TOTAL_NUMBER_OF VEHICLES,CONSTRUCTION_TIME,IMPROVEMENT_TIME,ELAPSED_TIME
count,17.0,17.0,0.0,0.0,17.0
mean,3.2320690189311385,3.92156862745098,,,12441.125947363851
std,5.978612208005761,11.07018606925119,,,10355.913080492182
min,-12.829666930986686,0.0,,,2682.041703457176
25%,1.3714776390740048e-14,0.0,,,3912.313831907381
50%,3.061411502064237,0.0,,,7234.236452043379
75%,7.417520161541219,0.0,,,20049.13100388617
max,13.117758333979417,33.33333333333333,,,35171.52964474184
