,TOTALCOST,TOTAL_NUMBER_OF VEHICLES,CONSTRUCTION_TIME,IMPROVEMENT_TIME,ELAPSED_TIME
count,17.0,17.0,0.0,0.0,0.0
mean,24.508205517536666,0.0,,,
std,40.31930317849314,0.0,,,
min,1.6368669428338762,0.0,,,
25%,1.63686694283399,0.0,,,
50%,2.492848762553649,0.0,,,
75%,27.01403553227283,0.0,,,
max,148.06230109071248,0.0,,,
