,TOTALCOST,TOTAL_NUMBER_OF VEHICLES,CONSTRUCTION_TIME,IMPROVEMENT_TIME,ELAPSED_TIME
count,56.0,56.0,0.0,0.0,0.0
mean,9.558719313249565,11.503427128427129,,,
std,6.911973721044321,21.095915180847157,,,
min,0.1978565143036234,-44.44444444444444,,,
25%,4.291362422229436,0.0,,,
50%,7.918466798969762,7.738095238095237,,,
75%,12.973540347651468,33.33333333333333,,,
max,28.46436779474914,50.0,,,
