,TOTALCOST,TOTAL_NUMBER_OF VEHICLES,CONSTRUCTION_TIME,IMPROVEMENT_TIME,ELAPSED_TIME
count,60.0,60.0,0.0,0.0,0.0
mean,12.066263380050477,20.131629006629005,,,
std,7.748193233537562,20.599792707440017,,,
min,-5.896149088145531,0.0,,,
25%,7.055323648814522,5.555555555555555,,,
50%,12.288101193994876,12.5,,,
75%,16.811493747975014,25.0,,,
max,31.23088211730534,87.5,,,
