,TOTALCOST,TOTAL_NUMBER_OF VEHICLES,CONSTRUCTION_TIME,IMPROVEMENT_TIME,ELAPSED_TIME
count,60.0,60.0,0.0,0.0,0.0
mean,7.732835565596789,19.096978557504876,,,
std,6.651558893816457,15.222786219826654,,,
min,-8.515003740818,0.0,,,
25%,2.8201187131868575,5.555555555555555,,,
50%,8.46842778523595,16.666666666666664,,,
75%,13.065142012272762,25.0,,,
max,21.641058090584657,50.0,,,
