,CARG,ORTools,Optimal Sol,difference1,rate1,difference2,rate2,difference3,rate3
TOTALCOST,15707.543624004096,15194.39071680264,14163.31,513.1529072014564,3.377252281883135,1544.2336240040968,10.903056022950121,1031.0807168026404,7.27994174245032
TOTAL_NUMBER_OF VEHICLES,63.0,63.0,56.0,0.0,0.0,7.0,12.5,7.0,12.5
CONSTRUCTION_TIME,15.8,,,,,,,,
IMPROVEMENT_TIME,11963.6,,,,,,,,
ELAPSED_TIME,11979.4,59.37620306015015,,11920.02379693985,20075.42278320568,,,,
