,CARG,ORTools,Optimal Sol,difference1,rate1,difference2,rate2,difference3,rate3
TOTALCOST,14095.643766078394,14713.106617979442,14095.64,-617.4628519010475,-4.196685770947292,0.0037660783946193988,2.671803759616022e-05,617.4666179794422,4.380550425375806
TOTAL_NUMBER_OF VEHICLES,60.0,62.0,60.0,-2.0,-3.225806451612903,0.0,0.0,2.0,3.3333333333333335
CONSTRUCTION_TIME,14.8,,,,,,,,
IMPROVEMENT_TIME,2582.5,,,,,,,,
ELAPSED_TIME,2597.3,49.735634565353394,,2547.564365434647,5122.211443964001,,,,
