,CARG,ORTools,Optimal Sol,difference1,rate1,difference2,rate2,difference3,rate3
TOTALCOST,7976.961958527807,8237.7932782887,7774.1,-260.83131976089317,-3.1662765858465147,202.86195852780656,2.609459082437923,463.69327828869973,5.9645911203702
TOTAL_NUMBER_OF VEHICLES,20.0,21.0,18.0,-1.0,-4.761904761904762,2.0,11.11111111111111,3.0,16.666666666666664
CONSTRUCTION_TIME,75.2,,,,,,,,
IMPROVEMENT_TIME,43191.1,,,,,,,,
ELAPSED_TIME,43266.3,98.73249077796936,,43167.56750922203,43721.744654753726,,,,
