,CARG,ORTools,Optimal Sol,difference1,rate1,difference2,rate2,difference3,rate3
TOTALCOST,8900.557299591674,8546.449532243796,8258.2,354.1077673478776,4.143331871462063,642.3572995916729,7.778417810075718,288.24953224379533,3.4904644140829153
TOTAL_NUMBER_OF VEHICLES,20.0,22.0,17.0,-2.0,-9.090909090909092,3.0,17.647058823529413,5.0,29.411764705882355
CONSTRUCTION_TIME,34.2,,,,,,,,
IMPROVEMENT_TIME,60719.3,,,,,,,,
ELAPSED_TIME,60753.5,103.43377256393433,,60650.066227436066,58636.61812194575,,,,
