,CARG,ORTools,Optimal Sol,difference1,rate1,difference2,rate2,difference3,rate3
TOTALCOST,23078.040603498812,23607.937537386853,21394.95,-529.8969338880415,-2.2445710602583007,1683.090603498811,7.8667657718237765,2212.9875373868526,10.3435041324558
TOTAL_NUMBER_OF VEHICLES,63.0,62.0,59.0,1.0,1.6129032258064515,4.0,6.779661016949152,3.0,5.084745762711865
CONSTRUCTION_TIME,16.5,,,,,,,,
IMPROVEMENT_TIME,10672.5,,,,,,,,
ELAPSED_TIME,10689.0,55.72760987281799,,10633.272390127182,19080.79749767579,,,,
