,CARG,ORTools,Optimal Sol,difference1,rate1,difference2,rate2,difference3,rate3
TOTALCOST,21371.44337966329,21721.941828135845,18585.0,-350.4984484725537,-1.6135686728456409,2786.443379663291,14.992969489713701,3136.941828135845,16.878890654483964
TOTAL_NUMBER_OF VEHICLES,57.0,57.0,54.0,0.0,0.0,3.0,5.555555555555555,3.0,5.555555555555555
CONSTRUCTION_TIME,18.6,,,,,,,,
IMPROVEMENT_TIME,26203.1,,,,,,,,
ELAPSED_TIME,26221.7,63.49290633201599,,26158.207093667985,41198.629271877944,,,,
