,CARG,ORTools,Optimal Sol,difference1,rate1,difference2,rate2,difference3,rate3
TOTALCOST,14014.743262404409,15396.473001482029,14754.13,-1381.7297390776203,-8.974326385949679,-739.3867375955906,-5.011388252615306,642.3430014820296,4.353648784998029
TOTAL_NUMBER_OF VEHICLES,14.0,15.0,11.0,-1.0,-6.666666666666667,3.0,27.27272727272727,4.0,36.36363636363637
CONSTRUCTION_TIME,78.3,,,,,,,,
IMPROVEMENT_TIME,153230.1,,,,,,,,
ELAPSED_TIME,153308.4,41.15650153160095,,153267.2434984684,372401.0491532817,,,,
