,CARG,ORTools,Optimal Sol,difference1,rate1,difference2,rate2,difference3,rate3
TOTALCOST,18631.41812091314,18605.035463347853,18205.58,26.382657565285626,0.14180385529100326,425.83812091313666,2.339052756974162,399.45546334785104,2.194137530075125
TOTAL_NUMBER_OF VEHICLES,14.0,16.0,11.0,-2.0,-12.5,3.0,27.27272727272727,5.0,45.45454545454545
CONSTRUCTION_TIME,60.0,,,,,,,,
IMPROVEMENT_TIME,232486.2,,,,,,,,
ELAPSED_TIME,232546.2,32.562095165252686,,232513.63790483476,714062.2761675122,,,,
