,CARG,ORTools,Optimal Sol,difference1,rate1,difference2,rate2,difference3,rate3
TOTALCOST,12049.77301259688,18623.042111269435,15914.7,-6573.269098672556,-35.29643040808487,-3864.9269874031215,-24.28526448756886,2708.342111269434,17.0178646865441
TOTAL_NUMBER_OF VEHICLES,58.0,59.0,55.0,-1.0,-1.694915254237288,3.0,5.454545454545454,4.0,7.2727272727272725
CONSTRUCTION_TIME,17.9,,,,,,,,
IMPROVEMENT_TIME,8248.7,,,,,,,,
ELAPSED_TIME,8266.6,47.90484070777893,,8218.695159292221,17156.293681105268,,,,
