,CARG,ORTools,Optimal Sol,difference1,rate1,difference2,rate2,difference3,rate3
TOTALCOST,12577.953526539057,19769.643329192204,16982.86,-7191.689802653147,-36.37743829214041,-4404.906473460944,-25.937365517121048,2786.7833291922034,16.409387636665457
TOTAL_NUMBER_OF VEHICLES,62.0,61.0,55.0,1.0,1.639344262295082,7.0,12.727272727272727,6.0,10.909090909090908
CONSTRUCTION_TIME,15.0,,,,,,,,
IMPROVEMENT_TIME,7691.5,,,,,,,,
ELAPSED_TIME,7706.5,34.24518179893494,,7672.254818201065,22403.895716622188,,,,
