,CARG,ORTools,Optimal Sol,difference1,rate1,difference2,rate2,difference3,rate3
TOTALCOST,11466.554190671068,13591.51343250673,13324.93,-2124.9592418356624,-15.63445640095835,-1858.3758093289325,-13.94660841992365,266.5834325067299,2.0006366450460145
TOTAL_NUMBER_OF VEHICLES,20.0,22.0,14.0,-2.0,-9.090909090909092,6.0,42.857142857142854,8.0,57.14285714285714
CONSTRUCTION_TIME,64.5,,,,,,,,
IMPROVEMENT_TIME,149189.3,,,,,,,,
ELAPSED_TIME,149253.8,33.42379713058472,,149220.3762028694,446449.5030886963,,,,
