,CARG,ORTools,Optimal Sol,difference1,rate1,difference2,rate2,difference3,rate3
TOTALCOST,10402.601732091918,11727.737567743694,11555.51,-1325.1358356517758,-11.299160029778186,-1152.908267908082,-9.977130112890578,172.22756774369373,1.4904367504653082
TOTAL_NUMBER_OF VEHICLES,18.0,20.0,12.0,-2.0,-10.0,6.0,50.0,8.0,66.66666666666666
CONSTRUCTION_TIME,60.7,,,,,,,,
IMPROVEMENT_TIME,165413.3,,,,,,,,
ELAPSED_TIME,165474.0,53.205716609954834,,165420.79428339005,310907.93400279037,,,,
