,TOTALCOST,TOTAL_NUMBER_OF VEHICLES,CONSTRUCTION_TIME,IMPROVEMENT_TIME,ELAPSED_TIME
count,20.0,20.0,0.0,0.0,0.0
mean,154.32990810228057,1.35,,,
std,125.07707608971042,0.5871429486123998,,,
min,-214.5387752584052,0.0,,,
25%,115.27897986801725,1.0,,,
50%,141.4667823995236,1.0,,,
75%,223.51563066327435,2.0,,,
max,356.53062439726386,2.0,,,
