,TOTALCOST,TOTAL_NUMBER_OF VEHICLES,CONSTRUCTION_TIME,IMPROVEMENT_TIME,ELAPSED_TIME
count,23.0,23.0,0.0,0.0,0.0
mean,75.85046046096502,1.173913043478261,,,
std,72.16223413034837,1.3021720984236467,,,
min,-72.9347696551904,-3.0,,,
25%,44.625059769978634,1.0,,,
50%,70.07272560480305,1.0,,,
75%,106.0294877624928,2.0,,,
max,261.9118655247128,3.0,,,
