,TOTALCOST,TOTAL_NUMBER_OF VEHICLES,CONSTRUCTION_TIME,IMPROVEMENT_TIME,ELAPSED_TIME
count,16.0,16.0,0.0,0.0,16.0
mean,33.530570426841265,-0.6875,,,100.85393637418747
std,82.58725163270019,1.0144785195688801,,,85.8525841647348
min,-108.48566413030358,-2.0,,,23.009925174713132
25%,-4.973607798792841,-1.25,,,35.40807044506073
50%,22.39467706142227,-1.0,,,81.72776474952697
75%,49.58891738610299,0.0,,,130.53602117300034
max,237.71810597206445,1.0,,,339.5017969608307
