case,TOTALCOST,TOTAL_NUMBER_OF VEHICLES,CONSTRUCTION_TIME,IMPROVEMENT_TIME,ELAPSED_TIME
R2_6_2,-8.974326385949679,-6.666666666666667,,,372401.0491532817
R2_6_1,0.1418038552910032,-12.5,,,714062.2761675122
R1_6_1,-2.2445710602583007,1.6129032258064515,,,19080.79749767579
R1_6_2,-1.6135686728456409,0.0,,,41198.62927187794
