,TOTALCOST,TOTAL_NUMBER_OF VEHICLES,CONSTRUCTION_TIME,IMPROVEMENT_TIME,ELAPSED_TIME
count,4.0,4.0,0.0,0.0,4.0
mean,-3.172665565940654,-4.388440860215054,,,286685.68802258687
std,3.9973790725192173,6.48748149710505,,,327553.6315755972
min,-8.974326385949679,-12.5,,,19080.79749767579
25%,-3.9270098916811453,-8.125,,,35669.1713283274
50%,-1.9290698665519708,-3.3333333333333335,,,206799.83921257983
75%,-1.1747255408114798,0.4032258064516129,,,457816.35590683937
max,0.1418038552910032,1.6129032258064515,,,714062.2761675122
