,TOTALCOST,TOTAL_NUMBER_OF VEHICLES,CONSTRUCTION_TIME,IMPROVEMENT_TIME,ELAPSED_TIME
count,4.0,4.0,0.0,0.0,0.0
mean,600.1225363286444,4.25,,,
std,317.2294036455873,2.217355782608345,,,
min,288.24953224379533,2.0,,,
25%,419.8323417774736,2.75,,,
50%,540.579948134071,4.0,,,
75%,720.8701426852417,5.5,,,
max,1031.0807168026404,7.0,,,
