case,TOTALCOST,TOTAL_NUMBER_OF VEHICLES,CONSTRUCTION_TIME,IMPROVEMENT_TIME,ELAPSED_TIME
C1_6_1,617.4666179794422,2.0,,,
C1_6_2,1031.0807168026404,7.0,,,
C2_6_1,463.6932782886997,3.0,,,
C2_6_2,288.24953224379533,5.0,,,
