,TOTALCOST,TOTAL_NUMBER_OF VEHICLES,CONSTRUCTION_TIME,IMPROVEMENT_TIME,ELAPSED_TIME
count,20.0,20.0,0.0,0.0,0.0
mean,839.7019847312658,1.5,,,
std,441.77722853505156,1.1920791213585393,,,
min,-297.3661369592919,0.0,,,
25%,682.922309590389,1.0,,,
50%,846.9413497932967,1.0,,,
75%,1063.440403187366,2.25,,,
max,1470.8759170093972,4.0,,,
