,TOTALCOST,TOTAL_NUMBER_OF VEHICLES,CONSTRUCTION_TIME,IMPROVEMENT_TIME,ELAPSED_TIME
count,20.0,20.0,0.0,0.0,0.0
mean,5.459137328522134,11.929824561403507,,,
std,6.6899346803857185,8.325891824661708,,,
min,-3.225334096307355,0.0,,,
25%,0.07031867071740894,5.482456140350877,,,
50%,3.6362276545975663,13.888888888888888,,,
75%,10.567352262257613,16.666666666666664,,,
max,20.0360960085904,33.33333333333333,,,
