,TOTALCOST,TOTAL_NUMBER_OF VEHICLES,CONSTRUCTION_TIME,IMPROVEMENT_TIME,ELAPSED_TIME
count,16.0,16.0,0.0,0.0,0.0
mean,10.200384014839688,19.250315656565654,,,
std,6.94865028121249,24.59135411142432,,,
min,3.06384602674659,-22.22222222222222,,,
25%,3.992859800958353,0.0,,,
50%,9.302278679490506,18.181818181818183,,,
75%,13.530657575873736,33.33333333333333,,,
max,23.90631802039943,66.66666666666666,,,
