,TOTALCOST,TOTAL_NUMBER_OF VEHICLES,CONSTRUCTION_TIME,IMPROVEMENT_TIME,ELAPSED_TIME
count,16.0,16.0,0.0,0.0,0.0
mean,148.7512961349902,0.5625,,,
std,72.10689994817949,1.9311050377094112,,,
min,52.70414184011474,-4.0,,,
25%,82.56507061179508,0.75,,,
50%,143.4767981797621,1.0,,,
75%,187.0682191106946,2.0,,,
max,304.85410914609,3.0,,,
