,TOTALCOST,TOTAL_NUMBER_OF VEHICLES,CONSTRUCTION_TIME,IMPROVEMENT_TIME,ELAPSED_TIME
count,20.0,20.0,0.0,0.0,20.0
mean,-49.53258308250453,-0.3,,,1050.5774342846871
std,126.36985613173451,0.5712405705774795,,,956.711114566835
min,-279.40697017227103,-1.0,,,94.9736156463623
25%,-153.54550472827395,-1.0,,,272.88644354343415
50%,-26.650463525615237,0.0,,,718.5336793661118
75%,41.837133928496485,0.0,,,1690.146613752842
max,175.36198123570398,1.0,,,3390.358397769928
