,TOTALCOST,TOTAL_NUMBER_OF VEHICLES,CONSTRUCTION_TIME,IMPROVEMENT_TIME,ELAPSED_TIME
count,16.0,16.0,0.0,0.0,0.0
mean,115.22072570814896,1.25,,,
std,64.33663848085318,1.5275252316519468,,,
min,32.15874066593756,-2.0,,,
25%,53.603035003816956,0.0,,,
50%,125.41362911187184,2.0,,,
75%,166.81275851944264,2.0,,,
max,216.0323208745142,4.0,,,
