,TOTALCOST,TOTAL_NUMBER_OF VEHICLES,CONSTRUCTION_TIME,IMPROVEMENT_TIME,ELAPSED_TIME
count,20.0,20.0,0.0,0.0,20.0
mean,0.5915659428326909,-5.494047619047618,,,44952.4069383304
std,4.413168635789602,8.045352986560786,,,44792.64613567425
min,-8.993656015387366,-16.666666666666664,,,5468.043679758734
25%,-1.6794226324334156,-14.285714285714285,,,8319.454626796662
50%,1.078380813051845,-2.5,,,26153.867140837414
75%,4.4444135037604315,0.0,,,69887.03240718604
max,6.188486594501326,10.0,,,144761.46282650146
