,TOTALCOST,TOTAL_NUMBER_OF VEHICLES,CONSTRUCTION_TIME,IMPROVEMENT_TIME,ELAPSED_TIME
count,17.0,17.0,0.0,0.0,0.0
mean,45.56146281624839,0.11764705882352941,,,
std,44.12018932548718,0.3321055820775357,,,
min,1.6368669428338762,0.0,,,
25%,22.926566490366557,0.0,,,
50%,27.01403553227283,0.0,,,
75%,64.80150222157204,0.0,,,
max,151.5401247750484,1.0,,,
