,TOTALCOST,TOTAL_NUMBER_OF VEHICLES,CONSTRUCTION_TIME,IMPROVEMENT_TIME,ELAPSED_TIME
count,60.0,60.0,0.0,0.0,0.0
mean,606.7033924972005,2.25,,,
std,448.8356352800439,1.4915013480337322,,,
min,-632.2164926998394,0.0,,,
25%,273.1926346146504,1.0,,,
50%,681.6809273588042,2.0,,,
75%,940.6720264407467,3.0,,,
max,1470.8759170093972,6.0,,,
