,TOTALCOST,TOTAL_NUMBER_OF VEHICLES,CONSTRUCTION_TIME,IMPROVEMENT_TIME,ELAPSED_TIME
count,4.0,4.0,0.0,0.0,4.0
mean,-4303.763494703286,-1.0,,,82633.03011593819
std,3006.1151425152007,1.4142135623730951,,,86495.27855134467
min,-7191.689802653147,-2.0,,,7672.254818201065
25%,-6727.8742746677035,-2.0,,,8082.085074019433
50%,-4349.114170254109,-1.5,,,78719.53568108082
75%,-1925.0033902896907,-0.5,,,153270.48072299955
max,-1325.1358356517758,1.0,,,165420.79428339005
