case,TOTALCOST,TOTAL_NUMBER_OF VEHICLES,CONSTRUCTION_TIME,IMPROVEMENT_TIME,ELAPSED_TIME
RC1_6_1,-7191.689802653147,1.0,,,7672.254818201065
RC2_6_1,-2124.9592418356624,-2.0,,,149220.3762028694
RC1_6_2,-6573.269098672556,-1.0,,,8218.695159292221
RC2_6_2,-1325.1358356517758,-2.0,,,165420.79428339005
