,TOTALCOST,TOTAL_NUMBER_OF VEHICLES,CONSTRUCTION_TIME,IMPROVEMENT_TIME,ELAPSED_TIME
count,20.0,20.0,0.0,0.0,0.0
mean,386.92543551475256,2.55,,,
std,355.5156287050113,1.2763022245616642,,,
min,-21.10740989961096,0.0,,,
25%,163.49052608131615,2.0,,,
50%,308.94449149179604,2.0,,,
75%,443.6761347799245,3.0,,,
max,1360.0482130626915,5.0,,,
