,TOTALCOST,TOTAL_NUMBER_OF VEHICLES,CONSTRUCTION_TIME,IMPROVEMENT_TIME,ELAPSED_TIME
count,20.0,20.0,0.0,0.0,0.0
mean,8.231606810064916,25.611111111111107,,,
std,6.264791865512098,19.130633983096107,,,
min,-4.137606556521751,5.555555555555555,,,
25%,5.326771115598712,5.555555555555555,,,
50%,9.48508786280451,23.61111111111111,,,
75%,11.862364092886107,50.0,,,
max,18.401220006162667,50.0,,,
