,CARG,ORTools,Optimal Sol,difference1,rate1,difference2,rate2,difference3,rate3
TOTALCOST,7554.732446601552,7694.366591888994,6803.24,-139.63414528744215,-1.8147581561117363,751.4924466015518,11.0460963688118,891.126591888994,13.098561742478495
TOTAL_NUMBER_OF VEHICLES,37.0,38.0,36.0,-1.0,-2.631578947368421,1.0,2.7777777777777777,2.0,5.555555555555555
CONSTRUCTION_TIME,9.7,,,,,,,,
IMPROVEMENT_TIME,1280.5,,,,,,,,
ELAPSED_TIME,1290.2,40.10491442680359,,1250.0950855731965,3117.062094359468,,,,
