,CARG,ORTools,Optimal Sol,difference1,rate1,difference2,rate2,difference3,rate3
TOTALCOST,7152.0565813846015,7358.480951148118,7152.02,-206.42436976351655,-2.805257921219581,0.03658138460104965,0.0005114832536968527,206.4609511481176,2.8867501929261605
TOTAL_NUMBER_OF VEHICLES,40.0,41.0,40.0,-1.0,-2.4390243902439024,0.0,0.0,1.0,2.5
CONSTRUCTION_TIME,6.4,,,,,,,,
IMPROVEMENT_TIME,479.9,,,,,,,,
ELAPSED_TIME,486.3,16.281034231185913,,470.0189657688141,2886.9109854735425,,,,
