,CARG,ORTools,Optimal Sol,difference1,rate1,difference2,rate2,difference3,rate3
TOTALCOST,7377.795067920953,7468.561636666609,7152.02,-90.7665687456556,-1.215315252940281,225.775067920953,3.156801406049661,316.5416366666086,4.425905361934231
TOTAL_NUMBER_OF VEHICLES,41.0,42.0,40.0,-1.0,-2.380952380952381,1.0,2.5,2.0,5.0
CONSTRUCTION_TIME,6.7,,,,,,,,
IMPROVEMENT_TIME,1571.9,,,,,,,,
ELAPSED_TIME,1578.6,21.02908229827881,,1557.570917701721,7406.746978346294,,,,
