,CARG,ORTools,Optimal Sol,difference1,rate1,difference2,rate2,difference3,rate3
TOTALCOST,8420.718213062692,7773.468690152838,7060.67,647.249522909854,8.326392614532137,1360.0482130626915,19.262310985539496,712.7986901528375,10.095340670968017
TOTAL_NUMBER_OF VEHICLES,41.0,41.0,36.0,0.0,0.0,5.0,13.88888888888889,5.0,13.88888888888889
CONSTRUCTION_TIME,7.8,,,,,,,,
IMPROVEMENT_TIME,2317.0,,,,,,,,
ELAPSED_TIME,2324.8,38.66999506950378,,2286.1300049304964,5911.896292775588,,,,
