,CARG,ORTools,Optimal Sol,difference1,rate1,difference2,rate2,difference3,rate3
TOTALCOST,7682.81796257087,7783.897813626389,7347.23,-101.0798510555187,-1.2985762849888605,335.58796257087033,4.567543993734651,436.66781362638903,5.943298544164114
TOTAL_NUMBER_OF VEHICLES,41.0,42.0,37.0,-1.0,-2.380952380952381,4.0,10.81081081081081,5.0,13.513513513513514
CONSTRUCTION_TIME,7.8,,,,,,,,
IMPROVEMENT_TIME,2103.8,,,,,,,,
ELAPSED_TIME,2111.6000000000004,32.6051025390625,,2078.994897460938,6376.286947634042,,,,
