,CARG,ORTools,Optimal Sol,difference1,rate1,difference2,rate2,difference3,rate3
TOTALCOST,7727.915463314227,7503.499129902161,7686.38,224.4163334120658,2.9908224086779094,41.535463314226945,0.5403774379386258,-182.88087009783885,-2.3792847881296377
TOTAL_NUMBER_OF VEHICLES,41.0,41.0,36.0,0.0,0.0,5.0,13.88888888888889,5.0,13.88888888888889
CONSTRUCTION_TIME,7.8,,,,,,,,
IMPROVEMENT_TIME,2217.9,,,,,,,,
ELAPSED_TIME,2225.7000000000003,40.2165322303772,,2185.483467769623,5434.291189628821,,,,
