,CARG,ORTools,Optimal Sol,difference1,rate1,difference2,rate2,difference3,rate3
TOTALCOST,7899.181226082395,7698.6765346946495,6860.63,200.50469138774588,2.6044046724674925,1038.5512260823953,15.137840491068536,838.0465346946494,12.215299975288703
TOTAL_NUMBER_OF VEHICLES,39.0,40.0,36.0,-1.0,-2.5,3.0,8.333333333333332,4.0,11.11111111111111
CONSTRUCTION_TIME,8.0,,,,,,,,
IMPROVEMENT_TIME,1706.8,,,,,,,,
ELAPSED_TIME,1714.8,32.134119749069214,,1682.6658802509307,5236.383922729578,,,,
