,CARG,ORTools,Optimal Sol,difference1,rate1,difference2,rate2,difference3,rate3
TOTALCOST,7191.666887679734,7992.621192060061,7042.53,-800.9543043803269,-10.021171842548998,149.13688767973417,2.11766066569449,950.0911920600611,13.490765279807981
TOTAL_NUMBER_OF VEHICLES,39.0,41.0,36.0,-2.0,-4.878048780487805,3.0,8.333333333333332,5.0,13.88888888888889
CONSTRUCTION_TIME,7.8,,,,,,,,
IMPROVEMENT_TIME,1983.7,,,,,,,,
ELAPSED_TIME,1991.5,36.79629921913147,,1954.7037007808685,5312.229061787173,,,,
