,CARG,ORTools,Optimal Sol,difference1,rate1,difference2,rate2,difference3,rate3
TOTALCOST,7533.860228606122,7325.412998376249,7153.41,208.44723022987364,2.8455355387618155,380.45022860612244,5.318445728766035,172.0029983762488,2.4044895843555563
TOTAL_NUMBER_OF VEHICLES,42.0,41.0,40.0,1.0,2.4390243902439024,2.0,5.0,1.0,2.5
CONSTRUCTION_TIME,7.2,,,,,,,,
IMPROVEMENT_TIME,1810.6,,,,,,,,
ELAPSED_TIME,1817.8,32.15823221206665,,1785.6417677879333,5552.673903256136,,,,
