,CARG,ORTools,Optimal Sol,difference1,rate1,difference2,rate2,difference3,rate3
TOTALCOST,4295.977506642448,4267.7167187426885,4233.2,28.260787899759634,0.6621992452227603,62.777506642448316,1.4829799358038438,34.51671874268868,0.8153812421498791
TOTAL_NUMBER_OF VEHICLES,14.0,15.0,11.0,-1.0,-6.666666666666667,3.0,27.27272727272727,4.0,36.36363636363637
CONSTRUCTION_TIME,16.6,,,,,,,,
IMPROVEMENT_TIME,16470.6,,,,,,,,
ELAPSED_TIME,16487.199999999997,35.48568391799927,,16451.714316081998,46361.553448142105,,,,
