,CARG,ORTools,Optimal Sol,difference1,rate1,difference2,rate2,difference3,rate3
TOTALCOST,3908.782590100389,4374.217095305747,3929.89,-465.4345052053577,-10.640407073184488,-21.107409899610957,-0.5370992546766183,444.32709530574675,11.306349422140233
TOTAL_NUMBER_OF VEHICLES,14.0,14.0,12.0,0.0,0.0,2.0,16.666666666666664,2.0,16.666666666666664
CONSTRUCTION_TIME,16.5,,,,,,,,
IMPROVEMENT_TIME,13197.4,,,,,,,,
ELAPSED_TIME,13213.9,34.15705871582031,,13179.74294128418,38585.708011152026,,,,
