,CARG,ORTools,Optimal Sol,difference1,rate1,difference2,rate2,difference3,rate3
TOTALCOST,4288.206021378036,4391.882466098234,3894.13,-103.67644472019765,-2.3606379615232336,394.0760213780359,10.119744882118365,497.7524660982335,12.782122479173358
TOTAL_NUMBER_OF VEHICLES,14.0,15.0,12.0,-1.0,-6.666666666666667,2.0,16.666666666666664,3.0,25.0
CONSTRUCTION_TIME,21.6,,,,,,,,
IMPROVEMENT_TIME,262681.7,,,,,,,,
ELAPSED_TIME,262703.3,31.421058177948,,262671.87894182204,835974.0065220688,,,,
