,CARG,ORTools,Optimal Sol,difference1,rate1,difference2,rate2,difference3,rate3
TOTALCOST,4152.768446972266,4279.809193166836,3825.67,-127.04074619456969,-2.9683740667084777,327.0984469722662,8.550095721070196,454.13919316683587,11.870840745982687
TOTAL_NUMBER_OF VEHICLES,13.0,14.0,11.0,-1.0,-7.142857142857142,2.0,18.181818181818183,3.0,27.27272727272727
CONSTRUCTION_TIME,15.7,,,,,,,,
IMPROVEMENT_TIME,29720.2,,,,,,,,
ELAPSED_TIME,29735.9,32.847185373306274,,29703.052814626695,90428.00007688116,,,,
