,CARG,ORTools,Optimal Sol,difference1,rate1,difference2,rate2,difference3,rate3
TOTALCOST,4383.882771937823,4454.977000378342,4018.02,-71.09422844051915,-1.5958382823184365,365.86277193782325,9.105548801096642,436.9570003783424,10.874933434336873
TOTAL_NUMBER_OF VEHICLES,14.0,15.0,11.0,-1.0,-6.666666666666667,3.0,27.27272727272727,4.0,36.36363636363637
CONSTRUCTION_TIME,18.9,,,,,,,,
IMPROVEMENT_TIME,92536.5,,,,,,,,
ELAPSED_TIME,92555.4,32.21069836616516,,92523.18930163383,287243.66125145013,,,,
