,CARG,ORTools,Optimal Sol,difference1,rate1,difference2,rate2,difference3,rate3
TOTALCOST,4294.96647498559,4469.822820857658,3702.49,-174.85634587206823,-3.9119301341460604,592.4764749855904,16.002108715637057,767.3328208576586,20.72477767280016
TOTAL_NUMBER_OF VEHICLES,14.0,13.0,11.0,1.0,7.6923076923076925,3.0,27.27272727272727,2.0,18.181818181818183
CONSTRUCTION_TIME,21.2,,,,,,,,
IMPROVEMENT_TIME,25712.0,,,,,,,,
ELAPSED_TIME,25733.2,30.70011878013611,,25702.499881219865,83721.17406219988,,,,
