,CARG,ORTools,Optimal Sol,difference1,rate1,difference2,rate2,difference3,rate3
TOTALCOST,4044.215072215177,4360.579721102133,3875.94,-316.3646488869558,-7.255105264008222,168.2750722151768,4.341529337791008,484.6397211021326,12.503798332846552
TOTAL_NUMBER_OF VEHICLES,14.0,15.0,12.0,-1.0,-6.666666666666667,2.0,16.666666666666664,3.0,25.0
CONSTRUCTION_TIME,14.3,,,,,,,,
IMPROVEMENT_TIME,27238.0,,,,,,,,
ELAPSED_TIME,27252.3,22.615955352783203,,27229.684044647216,120400.32631783663,,,,
