,CARG,ORTools,Optimal Sol,difference1,rate1,difference2,rate2,difference3,rate3
TOTALCOST,4229.480536011326,4294.490004363833,3938.69,-65.0094683525067,-1.5137878604082797,290.7905360113259,7.382925186072677,355.8000043638326,9.033460474519005
TOTAL_NUMBER_OF VEHICLES,14.0,15.0,12.0,-1.0,-6.666666666666667,2.0,16.666666666666664,3.0,25.0
CONSTRUCTION_TIME,13.9,,,,,,,,
IMPROVEMENT_TIME,17078.2,,,,,,,,
ELAPSED_TIME,17092.100000000002,27.9598069190979,,17064.140193080904,61030.9657804728,,,,
