,CARG,ORTools,Optimal Sol,difference1,rate1,difference2,rate2,difference3,rate3
TOTALCOST,4619.196022024839,4560.513775133616,3864.68,58.68224689122326,1.2867464014951684,754.5160220248395,19.523376373330766,695.8337751336162,18.00495190115653
TOTAL_NUMBER_OF VEHICLES,14.0,15.0,12.0,-1.0,-6.666666666666667,2.0,16.666666666666664,3.0,25.0
CONSTRUCTION_TIME,16.9,,,,,,,,
IMPROVEMENT_TIME,23380.9,,,,,,,,
ELAPSED_TIME,23397.800000000003,29.62034487724304,,23368.17965512276,78892.3280669708,,,,
