,CARG,ORTools,Optimal Sol,difference1,rate1,difference2,rate2,difference3,rate3
TOTALCOST,4356.861903058996,4262.048845467626,4116.05,94.81305759137013,2.224588713763729,240.811903058996,5.850558255098845,145.99884546762587,3.547062000403928
TOTAL_NUMBER_OF VEHICLES,14.0,13.0,12.0,1.0,7.6923076923076925,2.0,16.666666666666664,1.0,8.333333333333332
CONSTRUCTION_TIME,12.7,,,,,,,,
IMPROVEMENT_TIME,9046.5,,,,,,,,
ELAPSED_TIME,9059.2,28.082109928131104,,9031.11789007187,32159.684272957697,,,,
