,CARG,ORTools,Optimal Sol,difference1,rate1,difference2,rate2,difference3,rate3
TOTALCOST,8922.482630625569,9638.279796512934,7616.15,-715.7971658873648,-7.4266070398406105,1306.3326306255694,17.15213894980495,2022.1297965129343,26.550551085692042
TOTAL_NUMBER_OF VEHICLES,37.0,37.0,36.0,0.0,0.0,1.0,2.7777777777777777,1.0,2.7777777777777777
CONSTRUCTION_TIME,10.1,,,,,,,,
IMPROVEMENT_TIME,2576.7,,,,,,,,
ELAPSED_TIME,2586.8,34.54855537414551,,2552.2514446258547,7387.433184936694,,,,
