,CARG,ORTools,Optimal Sol,difference1,rate1,difference2,rate2,difference3,rate3
TOTALCOST,9701.266115699247,10066.31296413979,8694.78,-365.0468484405428,-3.6264206143896462,1006.4861156992465,11.575751378404588,1371.5329641397893,15.774211240995047
TOTAL_NUMBER_OF VEHICLES,37.0,38.0,36.0,-1.0,-2.631578947368421,1.0,2.7777777777777777,2.0,5.555555555555555
CONSTRUCTION_TIME,9.0,,,,,,,,
IMPROVEMENT_TIME,2609.4,,,,,,,,
ELAPSED_TIME,2618.4,27.82908511161804,,2590.570914888382,9308.861230967577,,,,
