,CARG,ORTools,Optimal Sol,difference1,rate1,difference2,rate2,difference3,rate3
TOTALCOST,9177.056251738795,9142.958004045484,7808.34,34.09824769331135,0.3729454699258588,1368.716251738795,17.528901811893373,1334.6180040454838,17.092211712674956
TOTAL_NUMBER_OF VEHICLES,39.0,38.0,36.0,1.0,2.631578947368421,3.0,8.333333333333332,2.0,5.555555555555555
CONSTRUCTION_TIME,9.0,,,,,,,,
IMPROVEMENT_TIME,2999.1,,,,,,,,
ELAPSED_TIME,3008.1,41.84491539001465,,2966.2550846099853,7088.687017199264,,,,
