,CARG,ORTools,Optimal Sol,difference1,rate1,difference2,rate2,difference3,rate3
TOTALCOST,9907.123691821973,10304.19793531226,9222.96,-397.0742434902877,-3.8535191771649004,684.1636918219738,7.418048997523289,1081.2379353122615,11.723328902134039
TOTAL_NUMBER_OF VEHICLES,39.0,40.0,36.0,-1.0,-2.5,3.0,8.333333333333332,4.0,11.11111111111111
CONSTRUCTION_TIME,8.1,,,,,,,,
IMPROVEMENT_TIME,2736.0,,,,,,,,
ELAPSED_TIME,2744.1,26.773399353027344,,2717.3266006469726,10149.352216418183,,,,
