,CARG,ORTools,Optimal Sol,difference1,rate1,difference2,rate2,difference3,rate3
TOTALCOST,11076.067576904945,11202.861700841868,10372.31,-126.79412393692292,-1.131801206895151,703.7575769049454,6.78496474656991,830.5517008418683,8.00739373236886
TOTAL_NUMBER_OF VEHICLES,44.0,43.0,40.0,1.0,2.3255813953488373,4.0,10.0,3.0,7.5
CONSTRUCTION_TIME,7.6,,,,,,,,
IMPROVEMENT_TIME,2263.1,,,,,,,,
ELAPSED_TIME,2270.7,22.140388250350952,,2248.559611749649,10155.917711668884,,,,
