,CARG,ORTools,Optimal Sol,difference1,rate1,difference2,rate2,difference3,rate3
TOTALCOST,9852.980066216816,9891.60558005346,8898.15,-38.62551383664322,-0.3904878083142744,954.8300662168167,10.730658240384987,993.4555800534599,11.164743008978945
TOTAL_NUMBER_OF VEHICLES,39.0,40.0,36.0,-1.0,-2.5,3.0,8.333333333333332,4.0,11.11111111111111
CONSTRUCTION_TIME,8.4,,,,,,,,
IMPROVEMENT_TIME,2837.6,,,,,,,,
ELAPSED_TIME,2846.0,32.79162073135376,,2813.2083792686462,8579.046465302621,,,,
