,CARG,ORTools,Optimal Sol,difference1,rate1,difference2,rate2,difference3,rate3
TOTALCOST,8271.71835056858,8873.243999545459,7282.78,-601.5256489768781,-6.779095097663175,988.938350568581,13.579132564330942,1590.463999545459,21.838693459715373
TOTAL_NUMBER_OF VEHICLES,37.0,37.0,36.0,0.0,0.0,1.0,2.7777777777777777,1.0,2.7777777777777777
CONSTRUCTION_TIME,10.0,,,,,,,,
IMPROVEMENT_TIME,2897.3,,,,,,,,
ELAPSED_TIME,2907.3,44.81805992126465,,2862.4819400787355,6386.8939108642335,,,,
