,CARG,ORTools,Optimal Sol,difference1,rate1,difference2,rate2,difference3,rate3
TOTALCOST,9485.707789089922,10046.590409857015,8094.1,-560.8826207670936,-5.582815640784903,1391.6077890899214,17.192866274075207,1952.490409857015,24.122390504898814
TOTAL_NUMBER_OF VEHICLES,37.0,37.0,36.0,0.0,0.0,1.0,2.7777777777777777,1.0,2.7777777777777777
CONSTRUCTION_TIME,9.5,,,,,,,,
IMPROVEMENT_TIME,1298.2,,,,,,,,
ELAPSED_TIME,1307.7,28.7821364402771,,1278.917863559723,4443.443127349063,,,,
