,CARG,ORTools,Optimal Sol,difference1,rate1,difference2,rate2,difference3,rate3
TOTALCOST,9592.993265651725,10081.69727853226,8358.69,-488.7040128805347,-4.84743788053595,1234.3032656517244,14.766707051604069,1723.007278532259,20.613364995379168
TOTAL_NUMBER_OF VEHICLES,38.0,38.0,36.0,0.0,0.0,2.0,5.555555555555555,2.0,5.555555555555555
CONSTRUCTION_TIME,8.7,,,,,,,,
IMPROVEMENT_TIME,2421.2,,,,,,,,
ELAPSED_TIME,2429.9,33.73220205307007,,2396.16779794693,7103.502446051688,,,,
