,CARG,ORTools,Optimal Sol,difference1,rate1,difference2,rate2,difference3,rate3
TOTALCOST,8728.155917009397,8350.663174295536,7257.28,377.49274271386093,4.520512141788144,1470.8759170093972,20.267592224764613,1093.3831742955363,15.066018870644873
TOTAL_NUMBER_OF VEHICLES,36.0,37.0,36.0,-1.0,-2.7027027027027026,0.0,0.0,1.0,2.7777777777777777
CONSTRUCTION_TIME,9.8,,,,,,,,
IMPROVEMENT_TIME,1274.6,,,,,,,,
ELAPSED_TIME,1284.4,45.939510107040405,,1238.4604898929597,2695.8504498792227,,,,
