,CARG,ORTools,Optimal Sol,difference1,rate1,difference2,rate2,difference3,rate3
TOTALCOST,7399.92059998348,6854.206302970787,6400.1,545.7142970126934,7.961743094545709,999.82059998348,15.621952781729659,454.1063029707866,7.095300119854167
TOTAL_NUMBER_OF VEHICLES,9.0,11.0,8.0,-2.0,-18.181818181818183,1.0,12.5,3.0,37.5
CONSTRUCTION_TIME,33.0,,,,,,,,
IMPROVEMENT_TIME,42859.2,,,,,,,,
ELAPSED_TIME,42892.2,28.27054715156555,,42863.92945284843,151620.44520413442,,,,
