,CARG,ORTools,Optimal Sol,difference1,rate1,difference2,rate2,difference3,rate3
TOTALCOST,6801.798162895635,7505.607709037266,6122.6,-703.8095461416315,-9.377116063422774,679.1981628956346,11.0932963593185,1383.007709037266,22.588568729580015
TOTAL_NUMBER_OF VEHICLES,9.0,10.0,8.0,-1.0,-10.0,1.0,12.5,2.0,25.0
CONSTRUCTION_TIME,28.9,,,,,,,,
IMPROVEMENT_TIME,42122.3,,,,,,,,
ELAPSED_TIME,42151.2,26.450850009918213,,42124.74914999008,159256.6935814715,,,,
