,CARG,ORTools,Optimal Sol,difference1,rate1,difference2,rate2,difference3,rate3
TOTALCOST,6120.300379975342,6866.269404998772,5911.07,-745.9690250234298,-10.86425511472577,209.23037997534266,3.5396363090835106,955.1994049987725,16.159500817936053
TOTAL_NUMBER_OF VEHICLES,10.0,10.0,8.0,0.0,0.0,2.0,25.0,2.0,25.0
CONSTRUCTION_TIME,32.6,,,,,,,,
IMPROVEMENT_TIME,35938.1,,,,,,,,
ELAPSED_TIME,35970.7,26.782047986984253,,35943.91795201301,134208.99689777763,,,,
