,CARG,ORTools,Optimal Sol,difference1,rate1,difference2,rate2,difference3,rate3
TOTALCOST,7915.585805372661,7654.1805947490675,7127.83,261.4052106235931,3.4151952307334206,787.7558053726607,11.051832119630529,526.3505947490676,7.3844437191833645
TOTAL_NUMBER_OF VEHICLES,9.0,11.0,8.0,-2.0,-18.181818181818183,1.0,12.5,3.0,37.5
CONSTRUCTION_TIME,25.0,,,,,,,,
IMPROVEMENT_TIME,125376.2,,,,,,,,
ELAPSED_TIME,125401.2,20.433064699172974,,125380.76693530082,613617.0407191811,,,,
