,CARG,ORTools,Optimal Sol,difference1,rate1,difference2,rate2,difference3,rate3
TOTALCOST,6440.664606474271,6631.012895259283,5773.17,-190.3482887850123,-2.870576362792149,667.4946064742708,11.562011970447273,857.8428952592831,14.859131036489192
TOTAL_NUMBER_OF VEHICLES,9.0,9.0,8.0,0.0,0.0,1.0,12.5,1.0,12.5
CONSTRUCTION_TIME,51851.8,,,,,,,,
IMPROVEMENT_TIME,29233.2,,,,,,,,
ELAPSED_TIME,81085.0,24.0495548248291,,81060.95044517517,337058.00808207353,,,,
