,CARG,ORTools,Optimal Sol,difference1,rate1,difference2,rate2,difference3,rate3
TOTALCOST,5029.465702498283,5106.400661688346,4241.47,-76.93495919006364,-1.5066377334485614,787.9957024982823,18.578363220729656,864.9306616883459,20.39223810821121
TOTAL_NUMBER_OF VEHICLES,8.0,9.0,8.0,-1.0,-11.11111111111111,0.0,0.0,1.0,12.5
CONSTRUCTION_TIME,39.4,,,,,,,,
IMPROVEMENT_TIME,107014.7,,,,,,,,
ELAPSED_TIME,107054.1,26.79107451438904,,107027.30892548562,399488.67623059696,,,,
