,CARG,ORTools,Optimal Sol,difference1,rate1,difference2,rate2,difference3,rate3
TOTALCOST,5892.785880702498,6585.861188321604,5018.53,-693.0753076191058,-10.523685328322795,874.255880702498,17.4205570296979,1567.3311883216038,31.23088211730534
TOTAL_NUMBER_OF VEHICLES,8.0,8.0,8.0,0.0,0.0,0.0,0.0,0.0,0.0
CONSTRUCTION_TIME,33.7,,,,,,,,
IMPROVEMENT_TIME,63327.1,,,,,,,,
ELAPSED_TIME,63360.8,31.13832378387451,,63329.66167621613,203381.7302298476,,,,
