,CARG,ORTools,Optimal Sol,difference1,rate1,difference2,rate2,difference3,rate3
TOTALCOST,7762.766219471373,7703.064182492294,7606.75,59.70203697907891,0.7750427046261812,156.016219471373,2.0510233604545043,96.3141824922941,1.266167318398713
TOTAL_NUMBER_OF VEHICLES,10.0,13.0,8.0,-3.0,-23.076923076923077,2.0,25.0,5.0,62.5
CONSTRUCTION_TIME,84.9,,,,,,,,
IMPROVEMENT_TIME,96877.6,,,,,,,,
ELAPSED_TIME,96962.5,31.58824610710144,,96930.9117538929,306857.5299345334,,,,
