,CARG,ORTools,Optimal Sol,difference1,rate1,difference2,rate2,difference3,rate3
TOTALCOST,8912.783863040708,9142.786566297624,9210.15,-230.002703256916,-2.515673986142889,-297.3661369592919,-3.2286785444242705,-67.36343370237591,-0.7314043061445896
TOTAL_NUMBER_OF VEHICLES,11.0,12.0,8.0,-1.0,-8.333333333333332,3.0,37.5,4.0,50.0
CONSTRUCTION_TIME,25.0,,,,,,,,
IMPROVEMENT_TIME,38033.4,,,,,,,,
ELAPSED_TIME,38058.4,31.669264793396,,38026.730735206605,120074.56119769579,,,,
