,CARG,ORTools,Optimal Sol,difference1,rate1,difference2,rate2,difference3,rate3
TOTALCOST,4835.226818884095,5042.567825581228,4015.6,-207.3410066971328,-4.111813938233618,819.6268188840954,20.411067309594966,1026.9678255812282,25.5744552640011
TOTAL_NUMBER_OF VEHICLES,8.0,8.0,8.0,0.0,0.0,0.0,0.0,0.0,0.0
CONSTRUCTION_TIME,38.4,,,,,,,,
IMPROVEMENT_TIME,42408.4,,,,,,,,
ELAPSED_TIME,42446.8,40.23145723342896,,42406.568542766574,105406.49396992331,,,,
