,CARG,ORTools,Optimal Sol,difference1,rate1,difference2,rate2,difference3,rate3
TOTALCOST,9007.540450307008,9289.021858457838,8172.64,-281.48140815083025,-3.0302588629882043,834.9004503070073,10.21579869304175,1116.3818584578376,13.659990632865727
TOTAL_NUMBER_OF VEHICLES,40.0,39.0,36.0,1.0,2.564102564102564,4.0,11.11111111111111,3.0,8.333333333333332
CONSTRUCTION_TIME,8.1,,,,,,,,
IMPROVEMENT_TIME,2427.9,,,,,,,,
ELAPSED_TIME,2436.0,26.41954112052917,,2409.580458879471,9120.447807502298,,,,
