,CARG,ORTools,Optimal Sol,difference1,rate1,difference2,rate2,difference3,rate3
TOTALCOST,8377.886511811703,8886.282695067655,7533.05,-508.39618325595256,-5.7211344799793356,844.8365118117026,11.215065767673154,1353.2326950676552,17.963941498697807
TOTAL_NUMBER_OF VEHICLES,37.0,38.0,36.0,-1.0,-2.631578947368421,1.0,2.7777777777777777,2.0,5.555555555555555
CONSTRUCTION_TIME,10.5,,,,,,,,
IMPROVEMENT_TIME,2720.7,,,,,,,,
ELAPSED_TIME,2731.2,25.823265552520752,,2705.376734447479,10476.508979645265,,,,
