,CARG,ORTools,Optimal Sol,difference1,rate1,difference2,rate2,difference3,rate3
TOTALCOST,8931.435196970857,9060.089037377573,7948.51,-128.65384040671597,-1.420006358391756,982.9251969708566,12.36615663779572,1111.5790373775726,13.984747297010038
TOTAL_NUMBER_OF VEHICLES,38.0,37.0,36.0,1.0,2.7027027027027026,2.0,5.555555555555555,1.0,2.7777777777777777
CONSTRUCTION_TIME,8.6,,,,,,,,
IMPROVEMENT_TIME,2075.8,,,,,,,,
ELAPSED_TIME,2084.4,34.052568197250366,,2050.3474318027497,6021.12422160367,,,,
