,CARG,ORTools,Optimal Sol,difference1,rate1,difference2,rate2,difference3,rate3
TOTALCOST,8354.817112648461,8740.625800140786,7772.57,-385.8086874923247,-4.413970993771526,582.2471126484616,7.491050098596237,968.0558001407862,12.454771074957012
TOTAL_NUMBER_OF VEHICLES,37.0,37.0,36.0,0.0,0.0,1.0,2.7777777777777777,1.0,2.7777777777777777
CONSTRUCTION_TIME,8.8,,,,,,,,
IMPROVEMENT_TIME,3241.3,,,,,,,,
ELAPSED_TIME,3250.1000000000004,39.95515727996826,,3210.144842720032,8034.369180995455,,,,
