,CARG,ORTools,Optimal Sol,difference1,rate1,difference2,rate2,difference3,rate3
TOTALCOST,9154.566707472964,8907.310932709643,8164.98,247.25577476332182,2.7758745218530905,989.5867074729649,12.119891383358746,742.3309327096431,9.091644225823496
TOTAL_NUMBER_OF VEHICLES,40.0,40.0,36.0,0.0,0.0,4.0,11.11111111111111,4.0,11.11111111111111
CONSTRUCTION_TIME,8.2,,,,,,,,
IMPROVEMENT_TIME,2493.7,,,,,,,,
ELAPSED_TIME,2501.9,27.99422001838684,,2473.9057799816133,8837.202030836119,,,,
