,CARG,ORTools,Optimal Sol,difference1,rate1,difference2,rate2,difference3,rate3
TOTALCOST,8581.212768739282,8876.823003637912,7733.35,-295.61023489862964,-3.330135508813032,847.8627687392818,10.963719070509956,1143.4730036379115,14.786256973212275
TOTAL_NUMBER_OF VEHICLES,37.0,38.0,36.0,-1.0,-2.631578947368421,1.0,2.7777777777777777,2.0,5.555555555555555
CONSTRUCTION_TIME,8.6,,,,,,,,
IMPROVEMENT_TIME,2871.8,,,,,,,,
ELAPSED_TIME,2880.4,34.76279091835022,,2845.63720908165,8185.870966935295,,,,
