,CARG,ORTools,Optimal Sol,difference1,rate1,difference2,rate2,difference3,rate3
TOTALCOST,8581.092006436067,8532.58421639174,7596.04,48.50779004432661,0.5685005716221292,985.0520064360671,12.967967604647516,936.5442163917405,12.32937446869343
TOTAL_NUMBER_OF VEHICLES,37.0,38.0,36.0,-1.0,-2.631578947368421,1.0,2.7777777777777777,2.0,5.555555555555555
CONSTRUCTION_TIME,7.9,,,,,,,,
IMPROVEMENT_TIME,2609.8,,,,,,,,
ELAPSED_TIME,2617.7000000000003,31.858489513397217,,2585.841510486603,8116.648183835578,,,,
