,CARG,ORTools,Optimal Sol,difference1,rate1,difference2,rate2,difference3,rate3
TOTALCOST,8043.018951773231,9028.265103354432,7308.55,-985.246151581201,-10.912906746780564,734.4689517732304,10.049448273231084,1719.7151033544314,23.530181819299745
TOTAL_NUMBER_OF VEHICLES,37.0,37.0,36.0,0.0,0.0,1.0,2.7777777777777777,1.0,2.7777777777777777
CONSTRUCTION_TIME,9.0,,,,,,,,
IMPROVEMENT_TIME,3066.9,,,,,,,,
ELAPSED_TIME,3075.9,32.75398349761963,,3043.1460165023805,9290.91881823638,,,,
