,CARG,ORTools,Optimal Sol,difference1,rate1,difference2,rate2,difference3,rate3
TOTALCOST,9409.20798712888,9582.351710708284,8571.32,-173.14372357940374,-1.8069021969410233,837.8879871288809,9.77548367263013,1011.0317107082847,11.795519368175318
TOTAL_NUMBER_OF VEHICLES,42.0,41.0,36.0,1.0,2.4390243902439024,6.0,16.666666666666664,5.0,13.88888888888889
CONSTRUCTION_TIME,14.4,,,,,,,,
IMPROVEMENT_TIME,21971.4,,,,,,,,
ELAPSED_TIME,21985.800000000003,31.85531711578369,,21953.94468288422,68917.67739460507,,,,
