,CARG,ORTools,Optimal Sol,difference1,rate1,difference2,rate2,difference3,rate3
TOTALCOST,8830.38065048358,9266.69603977543,7892.52,-436.3153892918508,-4.708424528214314,937.8606504835789,11.882904959171201,1374.1760397754297,17.411118879336758
TOTAL_NUMBER_OF VEHICLES,40.0,39.0,36.0,1.0,2.564102564102564,4.0,11.11111111111111,3.0,8.333333333333332
CONSTRUCTION_TIME,8.9,,,,,,,,
IMPROVEMENT_TIME,3183.4,,,,,,,,
ELAPSED_TIME,3192.3,19.28291058540344,,3173.0170894145967,16455.073394451516,,,,
