,CARG,ORTools,Optimal Sol,difference1,rate1,difference2,rate2,difference3,rate3
TOTALCOST,5074.917085280815,4993.904643680417,4278.61,81.01244160039732,1.6222264416465233,796.307085280815,18.611350071187026,715.2946436804177,16.717921093075034
TOTAL_NUMBER_OF VEHICLES,8.0,10.0,8.0,-2.0,-20.0,0.0,0.0,2.0,25.0
CONSTRUCTION_TIME,32.6,,,,,,,,
IMPROVEMENT_TIME,101153.7,,,,,,,,
ELAPSED_TIME,101186.3,26.45574283599853,,101159.844257164,382373.8569136491,,,,
