,CARG,ORTools,Optimal Sol,difference1,rate1,difference2,rate2,difference3,rate3
TOTALCOST,6740.247885405929,6850.919211133655,6682.37,-110.67132572772607,-1.615423015759264,57.87788540592919,0.8661281163109675,168.54921113365526,2.522296896664735
TOTAL_NUMBER_OF VEHICLES,15.0,16.0,11.0,-1.0,-6.25,4.0,36.36363636363637,5.0,45.45454545454545
CONSTRUCTION_TIME,20.3,,,,,,,,
IMPROVEMENT_TIME,20112.8,,,,,,,,
ELAPSED_TIME,20133.1,21.609779834747314,,20111.49022016525,93066.61323697108,,,,
