,CARG,ORTools,Optimal Sol,difference1,rate1,difference2,rate2,difference3,rate3
TOTALCOST,6018.428675223561,5979.70793247796,5766.61,38.720742745601456,0.6475356854018751,251.8186752235615,4.366840747398585,213.09793247796006,3.6953761825051474
TOTAL_NUMBER_OF VEHICLES,11.0,14.0,8.0,-3.0,-21.428571428571427,3.0,37.5,6.0,75.0
CONSTRUCTION_TIME,23.9,,,,,,,,
IMPROVEMENT_TIME,28468.2,,,,,,,,
ELAPSED_TIME,28492.1,28.524382829666138,,28463.575617170332,99786.82374003,,,,
