,CARG,ORTools,Optimal Sol,difference1,rate1,difference2,rate2,difference3,rate3
TOTALCOST,5269.030842233828,5331.971660427176,4930.84,-62.940818193348605,-1.1804417240339578,338.1908422338274,6.858686192085475,401.13166042717603,8.135158724014083
TOTAL_NUMBER_OF VEHICLES,12.0,13.0,8.0,-1.0,-7.6923076923076925,4.0,50.0,5.0,62.5
CONSTRUCTION_TIME,35.4,,,,,,,,
IMPROVEMENT_TIME,26794.4,,,,,,,,
ELAPSED_TIME,26829.800000000003,23.85223150253296,,26805.94776849747,112383.3959336293,,,,
