,CARG,ORTools,Optimal Sol,difference1,rate1,difference2,rate2,difference3,rate3
TOTALCOST,5922.476058310735,6273.352849564856,6180.62,-350.8767912541207,-5.593130175651747,-258.14394168926447,-4.176667416687395,92.73284956485622,1.5003810226944259
TOTAL_NUMBER_OF VEHICLES,14.0,14.0,9.0,0.0,0.0,5.0,55.55555555555556,5.0,55.55555555555556
CONSTRUCTION_TIME,28.6,,,,,,,,
IMPROVEMENT_TIME,29883.7,,,,,,,,
ELAPSED_TIME,29912.3,17.91815447807312,,29894.381845521926,166838.509412922,,,,
