,CARG,ORTools,Optimal Sol,difference1,rate1,difference2,rate2,difference3,rate3
TOTALCOST,4220.111207874383,4461.410760096367,3631.01,-241.2995522219844,-5.408593048194745,589.1012078743825,16.22416924972342,830.4007600963669,22.869690804937655
TOTAL_NUMBER_OF VEHICLES,10.0,10.0,8.0,0.0,0.0,2.0,25.0,2.0,25.0
CONSTRUCTION_TIME,38.4,,,,,,,,
IMPROVEMENT_TIME,34524.3,,,,,,,,
ELAPSED_TIME,34562.700000000004,34.852397441864014,,34527.84760255814,99068.78762114645,,,,
