,CARG,ORTools,Optimal Sol,difference1,rate1,difference2,rate2,difference3,rate3
TOTALCOST,6074.22350730016,6311.0182990929725,6706.44,-236.79479179281225,-3.7520853302999404,-632.2164926998394,-9.42700587345655,-395.4217009070271,-5.896149088145531
TOTAL_NUMBER_OF VEHICLES,13.0,15.0,8.0,-2.0,-13.333333333333334,5.0,62.5,7.0,87.5
CONSTRUCTION_TIME,32.3,,,,,,,,
IMPROVEMENT_TIME,29343.6,,,,,,,,
ELAPSED_TIME,29375.9,25.690915822982788,,29350.20908417702,114243.52983913744,,,,
