,CARG,ORTools,Optimal Sol,difference1,rate1,difference2,rate2,difference3,rate3
TOTALCOST,5862.809252539778,5704.7038633705,5334.72,158.10538916927817,2.7714916138673154,528.0892525397776,9.89909971919384,369.9838633704994,6.935394235695583
TOTAL_NUMBER_OF VEHICLES,11.0,14.0,8.0,-3.0,-21.428571428571427,3.0,37.5,6.0,75.0
CONSTRUCTION_TIME,28.2,,,,,,,,
IMPROVEMENT_TIME,28709.9,,,,,,,,
ELAPSED_TIME,28738.1,24.401853799819943,,28713.69814620018,117670.15072605693,,,,
