,CARG,ORTools,Optimal Sol,difference1,rate1,difference2,rate2,difference3,rate3
TOTALCOST,5500.21615431225,5140.492342973153,4551.11,359.72381133909676,6.997847430525303,949.1061543122505,20.854388364865947,589.3823429731538,12.95029878366275
TOTAL_NUMBER_OF VEHICLES,9.0,9.0,8.0,0.0,0.0,1.0,12.5,1.0,12.5
CONSTRUCTION_TIME,30.5,,,,,,,,
IMPROVEMENT_TIME,66292.4,,,,,,,,
ELAPSED_TIME,66322.9,33.643341302871704,,66289.25665869712,197035.29462764403,,,,
