,CARG,ORTools,Optimal Sol,difference1,rate1,difference2,rate2,difference3,rate3
TOTALCOST,5462.036132658199,5376.780202893381,4790.14,85.25592976481767,1.5856316707709066,671.8961326581984,14.026649172220404,586.6402028933808,12.24682791929632
TOTAL_NUMBER_OF VEHICLES,10.0,10.0,8.0,0.0,0.0,2.0,25.0,2.0,25.0
CONSTRUCTION_TIME,29.4,,,,,,,,
IMPROVEMENT_TIME,32827.2,,,,,,,,
ELAPSED_TIME,32856.6,35.19130849838257,,32821.408691501616,93265.66726841124,,,,
