,TOTALCOST,TOTAL_NUMBER_OF VEHICLES,CONSTRUCTION_TIME,IMPROVEMENT_TIME,ELAPSED_TIME
count,20.0,20.0,0.0,0.0,20.0
mean,-1.796215251706613,-4.3878794251868705,,,81459.42351491221
std,3.995807889872175,8.132093063945364,,,92459.45482589286
min,-10.912906746780564,-21.428571428571427,,,6021.12422160367
25%,-4.487584377382223,-6.610576923076923,,,9049.636363335754
50%,-1.7111626063501437,0.0,,,80992.14531578808
75%,0.882059681744133,0.0,,,112848.42941000634
max,6.997847430525303,2.702702702702702,,,382373.8569136491
