,TOTALCOST,TOTAL_NUMBER_OF VEHICLES,CONSTRUCTION_TIME,IMPROVEMENT_TIME,ELAPSED_TIME
count,60.0,60.0,0.0,0.0,60.0
mean,-154.1532505100392,-0.55,,,27951.173774476843
std,330.2301198723458,1.0321115430456806,,,43507.02415770617
min,-985.246151581201,-3.0,,,470.0189657688141
25%,-354.4193055507262,-1.0,,,2406.2272936463355
50%,-126.9174350657463,-1.0,,,11105.430415678024
75%,51.05140425605077,0.0,,,33248.01841926575
max,647.249522909854,1.0,,,262671.87894182204
