,TOTALCOST,TOTAL_NUMBER_OF VEHICLES,CONSTRUCTION_TIME,IMPROVEMENT_TIME,ELAPSED_TIME
count,23.0,23.0,0.0,0.0,0.0
mean,7.447336949377801,33.428274623926804,,,
std,7.689796232215007,44.075245139188745,,,
min,-6.1202290555668695,-37.5,,,
25%,4.298670817922318,6.904761904761905,,,
50%,6.332097739999706,9.090909090909092,,,
75%,10.275165586267363,50.0,,,
max,28.643094217637312,150.0,,,
