,CARG,ORTools,Optimal Sol,difference1,rate1,difference2,rate2,difference3,rate3
TOTALCOST,2703.853478995256,2783.3216622196933,2701.04,-79.46818322443733,-2.855156279747473,2.8134789952559913,0.10416280378135798,82.28166221969332,3.04629558317142
TOTAL_NUMBER_OF VEHICLES,20.0,21.0,20.0,-1.0,-4.761904761904762,0.0,0.0,1.0,5.0
CONSTRUCTION_TIME,3.0,,,,,,,,
IMPROVEMENT_TIME,232.6,,,,,,,,
ELAPSED_TIME,235.6,2.444985866546631,,233.15501413345336,9536.04752172937,,,,
