,CARG,ORTools,Optimal Sol,difference1,rate1,difference2,rate2,difference3,rate3
TOTALCOST,2823.778298937257,2703.3512247415947,2917.89,120.4270741956625,4.454732818047857,-94.11170106274267,-3.225334096307355,-214.53877525840517,-7.352531290021391
TOTAL_NUMBER_OF VEHICLES,20.0,20.0,18.0,0.0,0.0,2.0,11.11111111111111,2.0,11.11111111111111
CONSTRUCTION_TIME,3.4,,,,,,,,
IMPROVEMENT_TIME,325.6,,,,,,,,
ELAPSED_TIME,329.0,2.8809494972229004,,326.1190505027771,11319.846141598126,,,,
