,CARG,ORTools,Optimal Sol,difference1,rate1,difference2,rate2,difference3,rate3
TOTALCOST,2791.687433271521,2817.7019683931194,2707.35,-26.01453512159833,-0.9232536092677648,84.33743327152115,3.11512856747451,110.35196839311948,4.076014124258758
TOTAL_NUMBER_OF VEHICLES,20.0,20.0,18.0,0.0,0.0,2.0,11.11111111111111,2.0,11.11111111111111
CONSTRUCTION_TIME,3.5,,,,,,,,
IMPROVEMENT_TIME,288.8,,,,,,,,
ELAPSED_TIME,292.3,6.14959716796875,,286.15040283203126,4653.156865664235,,,,
