,CARG,ORTools,Optimal Sol,difference1,rate1,difference2,rate2,difference3,rate3
TOTALCOST,2704.5677663304737,2707.415062042998,2704.57,-2.8472957125245557,-0.1051665757660373,-0.0022336695265039452,-8.258871193956691e-05,2.8450620429980518,0.10519461663029803
TOTAL_NUMBER_OF VEHICLES,20.0,20.0,20.0,0.0,0.0,0.0,0.0,0.0,0.0
CONSTRUCTION_TIME,2.8,,,,,,,,
IMPROVEMENT_TIME,102.7,,,,,,,,
ELAPSED_TIME,105.5,10.526384353637695,,94.9736156463623,902.243471791351,,,,
