,CARG,ORTools,Optimal Sol,difference1,rate1,difference2,rate2,difference3,rate3
TOTALCOST,3007.693030827294,2967.199490378889,2643.31,40.49354044840493,1.3647056957142512,364.3830308272941,13.78510393511522,323.88949037888915,12.253178415656475
TOTAL_NUMBER_OF VEHICLES,19.0,19.0,18.0,0.0,0.0,1.0,5.555555555555555,1.0,5.555555555555555
CONSTRUCTION_TIME,3.5,,,,,,,,
IMPROVEMENT_TIME,277.4,,,,,,,,
ELAPSED_TIME,280.9,5.381308317184448,,275.51869168281553,5119.9202023601865,,,,
