,CARG,ORTools,Optimal Sol,difference1,rate1,difference2,rate2,difference3,rate3
TOTALCOST,2712.7286389285896,2887.2951579896817,2687.83,-174.5665190610921,-6.046022644343587,24.898638928589662,0.9263472365659161,199.46515798968176,7.421048131380398
TOTAL_NUMBER_OF VEHICLES,20.0,20.0,18.0,0.0,0.0,2.0,11.11111111111111,2.0,11.11111111111111
CONSTRUCTION_TIME,3.4,,,,,,,,
IMPROVEMENT_TIME,277.4,,,,,,,,
ELAPSED_TIME,280.79999999999995,4.014800548553467,,276.7851994514465,6894.120793900265,,,,
