,CARG,ORTools,Optimal Sol,difference1,rate1,difference2,rate2,difference3,rate3
TOTALCOST,2710.771980994242,2918.036776012005,2775.48,-207.26479501776294,-7.102884950649102,-64.70801900575816,-2.3314172325420524,142.55677601200478,5.136292677735194
TOTAL_NUMBER_OF VEHICLES,20.0,21.0,19.0,-1.0,-4.761904761904762,1.0,5.263157894736842,2.0,10.526315789473683
CONSTRUCTION_TIME,3.2,,,,,,,,
IMPROVEMENT_TIME,221.9,,,,,,,,
ELAPSED_TIME,225.1,4.023717403411865,,221.07628259658813,5494.32925903616,,,,
