,CARG,ORTools,Optimal Sol,difference1,rate1,difference2,rate2,difference3,rate3
TOTALCOST,2702.04876554162,2828.2685617207003,2702.05,-126.21979617908028,-4.462793876345639,-0.00123445838016778,-4.5685993233573764e-05,126.21856172070011,4.671214882059921
TOTAL_NUMBER_OF VEHICLES,20.0,21.0,20.0,-1.0,-4.761904761904762,0.0,0.0,1.0,5.0
CONSTRUCTION_TIME,2.8,,,,,,,,
IMPROVEMENT_TIME,104.5,,,,,,,,
ELAPSED_TIME,107.3,3.466362476348877,,103.83363752365112,2995.463926006353,,,,
