,CARG,ORTools,Optimal Sol,difference1,rate1,difference2,rate2,difference3,rate3
TOTALCOST,2703.572858563711,2942.217300934102,2701.04,-238.6444423703906,-8.111040686716962,2.5328585637112155,0.09377345628762312,241.17730093410182,8.929053288144633
TOTAL_NUMBER_OF VEHICLES,20.0,21.0,20.0,-1.0,-4.761904761904762,0.0,0.0,1.0,5.0
CONSTRUCTION_TIME,3.2,,,,,,,,
IMPROVEMENT_TIME,265.8,,,,,,,,
ELAPSED_TIME,269.0,4.010300874710083,,264.9896991252899,6607.726138364789,,,,
