,CARG,ORTools,Optimal Sol,difference1,rate1,difference2,rate2,difference3,rate3
TOTALCOST,2753.409348150059,2904.4040197339195,2643.51,-150.9946715838605,-5.198817745669335,109.89934815005881,4.157326741720622,260.8940197339193,9.86922764558936
TOTAL_NUMBER_OF VEHICLES,20.0,20.0,18.0,0.0,0.0,2.0,11.11111111111111,2.0,11.11111111111111
CONSTRUCTION_TIME,3.1,,,,,,,,
IMPROVEMENT_TIME,369.0,,,,,,,,
ELAPSED_TIME,372.1,7.040124177932739,,365.0598758220673,5185.418134616815,,,,
