,CARG,ORTools,Optimal Sol,difference1,rate1,difference2,rate2,difference3,rate3
TOTALCOST,2044.7308702391315,1921.0584072396653,1703.43,123.67246299946623,6.4377252942126315,341.3008702391314,20.0360960085904,217.6284072396652,12.775893769609855
TOTAL_NUMBER_OF VEHICLES,7.0,8.0,6.0,-1.0,-12.5,1.0,16.666666666666664,2.0,33.33333333333333
CONSTRUCTION_TIME,6.0,,,,,,,,
IMPROVEMENT_TIME,3390.3,,,,,,,,
ELAPSED_TIME,3396.3,5.9416022300720215,,3390.358397769928,57061.34922008793,,,,
