,CARG,ORTools,Optimal Sol,difference1,rate1,difference2,rate2,difference3,rate3
TOTALCOST,2015.8626202357495,2177.060624397264,1820.53,-161.1980041615143,-7.4043874734146735,195.33262023574957,10.72943704502258,356.53062439726386,19.583891745659994
TOTAL_NUMBER_OF VEHICLES,8.0,7.0,6.0,1.0,14.285714285714285,2.0,33.33333333333333,1.0,16.666666666666664
CONSTRUCTION_TIME,4.9,,,,,,,,
IMPROVEMENT_TIME,1070.5,,,,,,,,
ELAPSED_TIME,1075.4,3.39251708984375,,1072.0074829101563,31599.177086519263,,,,
