,CARG,ORTools,Optimal Sol,difference1,rate1,difference2,rate2,difference3,rate3
TOTALCOST,1885.48252171093,2164.889491883201,1857.35,-279.40697017227103,-12.906292502220037,28.132521710930178,1.514659149375733,307.5394918832012,16.557971942994115
TOTAL_NUMBER_OF VEHICLES,7.0,7.0,6.0,0.0,0.0,1.0,16.666666666666664,1.0,16.666666666666664
CONSTRUCTION_TIME,5.0,,,,,,,,
IMPROVEMENT_TIME,1264.4,,,,,,,,
ELAPSED_TIME,1269.4,4.881692409515381,,1264.5183075904847,25903.27700954057,,,,
