,CARG,ORTools,Optimal Sol,difference1,rate1,difference2,rate2,difference3,rate3
TOTALCOST,2129.6455921684187,1954.2836109327147,1830.05,175.36198123570398,8.973210451885718,299.59559216841876,16.370896542084576,124.23361093271478,6.788536429754094
TOTAL_NUMBER_OF VEHICLES,7.0,7.0,6.0,0.0,0.0,1.0,16.666666666666664,1.0,16.666666666666664
CONSTRUCTION_TIME,5.8,,,,,,,,
IMPROVEMENT_TIME,2209.0,,,,,,,,
ELAPSED_TIME,2214.8,5.466047763824463,,2209.3339522361757,40419.22148683087,,,,
