,CARG,ORTools,Optimal Sol,difference1,rate1,difference2,rate2,difference3,rate3
TOTALCOST,1931.3049210685656,1994.2260075470797,1931.44,-62.9210864785141,-3.1551632683753703,-0.1350789314344638,-0.006993690274327124,62.786007547079635,3.250735593499132
TOTAL_NUMBER_OF VEHICLES,7.0,7.0,6.0,0.0,0.0,1.0,16.666666666666664,1.0,16.666666666666664
CONSTRUCTION_TIME,4.3,,,,,,,,
IMPROVEMENT_TIME,1377.9,,,,,,,,
ELAPSED_TIME,1382.2,3.485216856002808,,1378.7147831439972,39558.938227024526,,,,
