,CARG,ORTools,Optimal Sol,difference1,rate1,difference2,rate2,difference3,rate3
TOTALCOST,1980.203376284496,1995.7713170263164,1878.85,-15.567940741820394,-0.7800463213899929,101.35337628449611,5.394436824892679,116.9213170263165,6.22302562877912
TOTAL_NUMBER_OF VEHICLES,7.0,7.0,6.0,0.0,0.0,1.0,16.666666666666664,1.0,16.666666666666664
CONSTRUCTION_TIME,5.4,,,,,,,,
IMPROVEMENT_TIME,1278.0,,,,,,,,
ELAPSED_TIME,1283.4,4.91834020614624,,1278.4816597938539,25994.1688904763,,,,
