,CARG,ORTools,Optimal Sol,difference1,rate1,difference2,rate2,difference3,rate3
TOTALCOST,1962.1864665276607,1989.472858457293,1849.46,-27.286391929632146,-1.371538787957679,112.7264665276607,6.095101625753501,140.01285845729285,7.5704723788182955
TOTAL_NUMBER_OF VEHICLES,7.0,7.0,6.0,0.0,0.0,1.0,16.666666666666664,1.0,16.666666666666664
CONSTRUCTION_TIME,5.1,,,,,,,,
IMPROVEMENT_TIME,1910.1,,,,,,,,
ELAPSED_TIME,1915.2,4.383163213729858,,1910.8168367862702,43594.47147212796,,,,
