,CARG,ORTools,Optimal Sol,difference1,rate1,difference2,rate2,difference3,rate3
TOTALCOST,2059.040047463291,2003.5367887870425,1863.16,55.503258676248606,2.7702640144606843,195.88004746329102,10.513324001335956,140.37678878704241,7.534338907396167
TOTAL_NUMBER_OF VEHICLES,7.0,8.0,6.0,-1.0,-12.5,1.0,16.666666666666664,2.0,33.33333333333333
CONSTRUCTION_TIME,5.4,,,,,,,,
IMPROVEMENT_TIME,1615.5,,,,,,,,
ELAPSED_TIME,1620.9,4.310127258300781,,1616.5898727416993,37506.778242529705,,,,
