,CARG,ORTools,Optimal Sol,difference1,rate1,difference2,rate2,difference3,rate3
TOTALCOST,2007.1429628088044,1961.2750484400333,1775.08,45.86791436877115,2.338678320781869,232.0629628088045,13.073380512923617,186.19504844003336,10.489389122745644
TOTAL_NUMBER_OF VEHICLES,7.0,8.0,6.0,-1.0,-12.5,1.0,16.666666666666664,2.0,33.33333333333333
CONSTRUCTION_TIME,5.9,,,,,,,,
IMPROVEMENT_TIME,2261.7,,,,,,,,
ELAPSED_TIME,2267.6,5.202787399291992,,2262.397212600708,43484.3294367281,,,,
