,CARG,ORTools,Optimal Sol,difference1,rate1,difference2,rate2,difference3,rate3
TOTALCOST,1966.2355213484495,1965.812783168299,1806.58,0.42273818015064535,0.021504498483793485,159.6555213484496,8.837445413347297,159.23278316829897,8.814045498582901
TOTAL_NUMBER_OF VEHICLES,7.0,7.0,6.0,0.0,0.0,1.0,16.666666666666664,1.0,16.666666666666664
CONSTRUCTION_TIME,6.3,,,,,,,,
IMPROVEMENT_TIME,2178.8,,,,,,,,
ELAPSED_TIME,2185.1000000000004,4.431289196014404,,2180.668710803986,49210.70628306827,,,,
