,CARG,ORTools,Optimal Sol,difference1,rate1,difference2,rate2,difference3,rate3
TOTALCOST,3926.532502237864,4180.13673738949,3583.14,-253.6042351516262,-6.0668885035086895,343.39250223786394,9.58356364076938,596.9967373894901,16.66127300048254
TOTAL_NUMBER_OF VEHICLES,21.0,19.0,18.0,2.0,10.526315789473683,3.0,16.666666666666664,1.0,5.555555555555555
CONSTRUCTION_TIME,3.5,,,,,,,,
IMPROVEMENT_TIME,337.4,,,,,,,,
ELAPSED_TIME,340.9,3.418168306350708,,337.48183169364927,9873.177721138909,,,,
