,CARG,ORTools,Optimal Sol,difference1,rate1,difference2,rate2,difference3,rate3
TOTALCOST,3321.623701959773,3581.745720271872,2951.99,-260.12201831209904,-7.262436773215562,369.63370195977313,12.521509285592877,629.7557202718722,21.333260623236267
TOTAL_NUMBER_OF VEHICLES,19.0,18.0,18.0,1.0,5.555555555555555,1.0,5.555555555555555,0.0,0.0
CONSTRUCTION_TIME,3.6,,,,,,,,
IMPROVEMENT_TIME,379.8,,,,,,,,
ELAPSED_TIME,383.4,5.79485559463501,,377.60514440536497,6516.2131866574755,,,,
