,CARG,ORTools,Optimal Sol,difference1,rate1,difference2,rate2,difference3,rate3
TOTALCOST,3678.25350579396,3704.271306464976,3381.96,-26.017800671016175,-0.7023729775302346,296.29350579395987,8.760999710048607,322.31130646497604,9.530311016835682
TOTAL_NUMBER_OF VEHICLES,20.0,19.0,18.0,1.0,5.263157894736842,2.0,11.11111111111111,1.0,5.555555555555555
CONSTRUCTION_TIME,3.4,,,,,,,,
IMPROVEMENT_TIME,399.0,,,,,,,,
ELAPSED_TIME,402.4,4.845737934112549,,397.55426206588743,8204.204756250314,,,,
