,CARG,ORTools,Optimal Sol,difference1,rate1,difference2,rate2,difference3,rate3
TOTALCOST,4314.370160961239,4571.79285859531,4107.86,-257.4226976340706,-5.630672814716371,206.5101609612393,5.027195692191051,463.9328585953099,11.293784564111482
TOTAL_NUMBER_OF VEHICLES,21.0,21.0,18.0,0.0,0.0,3.0,16.666666666666664,3.0,16.666666666666664
CONSTRUCTION_TIME,3.2,,,,,,,,
IMPROVEMENT_TIME,242.2,,,,,,,,
ELAPSED_TIME,245.4,3.6382107734680176,,241.761789226532,6645.0737540991795,,,,
