,CARG,ORTools,Optimal Sol,difference1,rate1,difference2,rate2,difference3,rate3
TOTALCOST,3808.42993667954,3885.618721886393,3301.18,-77.18878520685303,-1.9865249457460759,507.24993667954004,15.365715794944235,584.4387218863931,17.703933802046333
TOTAL_NUMBER_OF VEHICLES,19.0,18.0,18.0,1.0,5.555555555555555,1.0,5.555555555555555,0.0,0.0
CONSTRUCTION_TIME,3.4,,,,,,,,
IMPROVEMENT_TIME,327.5,,,,,,,,
ELAPSED_TIME,330.9,4.982866287231445,,325.91713371276853,6540.756161728212,,,,
