,CARG,ORTools,Optimal Sol,difference1,rate1,difference2,rate2,difference3,rate3
TOTALCOST,4233.497271512696,4158.633703241318,4039.86,74.86356827137843,1.8001962570790582,193.63727151269586,4.793167869992917,118.77370324131743,2.9400450322862035
TOTAL_NUMBER_OF VEHICLES,22.0,21.0,18.0,1.0,4.761904761904762,4.0,22.22222222222222,3.0,16.666666666666664
CONSTRUCTION_TIME,3.3,,,,,,,,
IMPROVEMENT_TIME,452.6,,,,,,,,
ELAPSED_TIME,455.9,4.845682144165039,,451.05431785583494,9308.37608486093,,,,
