,CARG,ORTools,Optimal Sol,difference1,rate1,difference2,rate2,difference3,rate3
TOTALCOST,4932.4373598522925,4937.647037502045,4784.11,-5.209677649752848,-0.10550931668838813,148.32735985229283,3.1004170023743773,153.53703750204568,3.209312442691445
TOTAL_NUMBER_OF VEHICLES,24.0,22.0,20.0,2.0,9.090909090909092,4.0,20.0,2.0,10.0
CONSTRUCTION_TIME,3.1,,,,,,,,
IMPROVEMENT_TIME,237.9,,,,,,,,
ELAPSED_TIME,241.0,2.814789295196533,,238.18521070480347,8461.919729170102,,,,
