,CARG,ORTools,Optimal Sol,difference1,rate1,difference2,rate2,difference3,rate3
TOTALCOST,4046.366862655632,4286.171260091201,3760.58,-239.80439743556872,-5.594839377240988,285.7868626556319,7.59954216252897,525.5912600912006,13.97633503585087
TOTAL_NUMBER_OF VEHICLES,21.0,19.0,18.0,2.0,10.526315789473683,3.0,16.666666666666664,1.0,5.555555555555555
CONSTRUCTION_TIME,3.1,,,,,,,,
IMPROVEMENT_TIME,369.3,,,,,,,,
ELAPSED_TIME,372.4,4.695260047912598,,367.7047399520874,7831.403078846725,,,,
