,CARG,ORTools,Optimal Sol,difference1,rate1,difference2,rate2,difference3,rate3
TOTALCOST,3590.189694389437,3856.015822853925,3150.11,-265.82612846448774,-6.893802844090609,440.079694389437,13.97029609726127,705.9058228539247,22.408926128101072
TOTAL_NUMBER_OF VEHICLES,19.0,19.0,18.0,0.0,0.0,1.0,5.555555555555555,1.0,5.555555555555555
CONSTRUCTION_TIME,3.5,,,,,,,,
IMPROVEMENT_TIME,398.9,,,,,,,,
ELAPSED_TIME,402.4,4.375749111175537,,398.02425088882444,9096.139672914107,,,,
