,CARG,ORTools,Optimal Sol,difference1,rate1,difference2,rate2,difference3,rate3
TOTALCOST,3526.3406170820303,3719.0347912074353,3057.81,-192.69417412540497,-5.181295280726432,468.5306170820304,15.32242412321336,661.2247912074354,21.624129400042364
TOTAL_NUMBER_OF VEHICLES,18.0,19.0,18.0,-1.0,-5.263157894736842,0.0,0.0,1.0,5.555555555555555
CONSTRUCTION_TIME,3.5,,,,,,,,
IMPROVEMENT_TIME,394.4,,,,,,,,
ELAPSED_TIME,397.9,3.546250104904175,,394.3537498950958,11120.302805200816,,,,
