,CARG,ORTools,Optimal Sol,difference1,rate1,difference2,rate2,difference3,rate3
TOTALCOST,3692.871653897747,3520.069938315242,3621.2,172.80171558250504,4.909042110260188,71.67165389774709,1.9792238456242985,-101.13006168475795,-2.7927223485241894
TOTAL_NUMBER_OF VEHICLES,6.0,6.0,4.0,0.0,0.0,2.0,50.0,2.0,50.0
CONSTRUCTION_TIME,7.3,,,,,,,,
IMPROVEMENT_TIME,4144.4,,,,,,,,
ELAPSED_TIME,4151.7,4.287698745727539,,4147.412301254272,96728.16462180196,,,,
