,CARG,ORTools,Optimal Sol,difference1,rate1,difference2,rate2,difference3,rate3
TOTALCOST,3229.533599987595,3079.416674134777,2654.97,150.11692585281799,4.874849419167878,574.5635999875954,21.641058090584657,424.44667413477737,15.986872700436441
TOTAL_NUMBER_OF VEHICLES,4.0,5.0,4.0,-1.0,-20.0,0.0,0.0,1.0,25.0
CONSTRUCTION_TIME,7.2,,,,,,,,
IMPROVEMENT_TIME,4723.8,,,,,,,,
ELAPSED_TIME,4731.0,4.303761720657349,,4726.696238279343,109827.08953406918,,,,
