,CARG,ORTools,Optimal Sol,difference1,rate1,difference2,rate2,difference3,rate3
TOTALCOST,2651.2403195096654,2764.487752608482,2451.14,-113.2474330988166,-4.096506956558587,200.1003195096655,8.163561424874365,313.3477526084821,12.783755828246534
TOTAL_NUMBER_OF VEHICLES,5.0,4.0,4.0,1.0,25.0,1.0,25.0,0.0,0.0
CONSTRUCTION_TIME,10.9,,,,,,,,
IMPROVEMENT_TIME,4325.2,,,,,,,,
ELAPSED_TIME,4336.099999999999,4.178272724151611,,4331.921727275848,103677.33303372232,,,,
