,CARG,ORTools,Optimal Sol,difference1,rate1,difference2,rate2,difference3,rate3
TOTALCOST,3405.77962520507,3006.113902017156,2913.03,399.66572318791395,13.295095801916593,492.7496252050696,16.915363906484643,93.08390201715565,3.195432316768301
TOTAL_NUMBER_OF VEHICLES,5.0,7.0,4.0,-2.0,-28.57142857142857,1.0,25.0,3.0,75.0
CONSTRUCTION_TIME,8.0,,,,,,,,
IMPROVEMENT_TIME,5048.9,,,,,,,,
ELAPSED_TIME,5056.9,4.3991310596466064,,5052.500868940353,114852.24696502298,,,,
