,CARG,ORTools,Optimal Sol,difference1,rate1,difference2,rate2,difference3,rate3
TOTALCOST,3043.1059893128,2893.7512098095413,2880.62,149.35477950325867,5.1612861187568635,162.48598931280003,5.6406603200977585,13.13120980954136,0.4558466513993988
TOTAL_NUMBER_OF VEHICLES,5.0,6.0,4.0,-1.0,-16.666666666666664,1.0,25.0,2.0,50.0
CONSTRUCTION_TIME,8.3,,,,,,,,
IMPROVEMENT_TIME,6092.6,,,,,,,,
ELAPSED_TIME,6100.900000000001,3.274696111679077,,6097.6253038883215,186204.31013862253,,,,
