,CARG,ORTools,Optimal Sol,difference1,rate1,difference2,rate2,difference3,rate3
TOTALCOST,2219.19612013026,2337.369629950344,1981.29,-118.17350982008384,-5.055833202666981,237.9061201302602,12.007637454903634,356.07962995034404,17.972110592106358
TOTAL_NUMBER_OF VEHICLES,5.0,5.0,4.0,0.0,0.0,1.0,25.0,1.0,25.0
CONSTRUCTION_TIME,10.6,,,,,,,,
IMPROVEMENT_TIME,4876.6,,,,,,,,
ELAPSED_TIME,4887.200000000001,3.0313527584075928,,4884.168647241593,161121.75112893517,,,,
