,CARG,ORTools,Optimal Sol,difference1,rate1,difference2,rate2,difference3,rate3
TOTALCOST,2132.7841438745336,2153.4704616830945,1849.87,-20.686317808560943,-0.9606037406425846,282.9141438745337,15.293731120269733,303.60046168309464,16.411989041559387
TOTAL_NUMBER_OF VEHICLES,5.0,5.0,4.0,0.0,0.0,1.0,25.0,1.0,25.0
CONSTRUCTION_TIME,10.7,,,,,,,,
IMPROVEMENT_TIME,5256.2,,,,,,,,
ELAPSED_TIME,5266.9,3.57132625579834,,5263.328673744201,147377.42498879114,,,,
