,CARG,ORTools,Optimal Sol,difference1,rate1,difference2,rate2,difference3,rate3
TOTALCOST,3815.919961002156,3686.55932673904,3366.79,129.36063426311603,3.508980130194798,449.12996100215605,13.340005197893426,319.76932673904,9.49775087662254
TOTAL_NUMBER_OF VEHICLES,5.0,7.0,4.0,-2.0,-28.57142857142857,1.0,25.0,3.0,75.0
CONSTRUCTION_TIME,7.0,,,,,,,,
IMPROVEMENT_TIME,23098.6,,,,,,,,
ELAPSED_TIME,23105.6,3.948843002319336,,23101.65115699768,585023.2876675276,,,,
