,CARG,ORTools,Optimal Sol,difference1,rate1,difference2,rate2,difference3,rate3
TOTALCOST,3328.401170221924,3269.2958097951378,3092.04,59.10536042678632,1.8078927042851474,236.3611702219241,7.644182165234735,177.2558097951378,5.732649312270792
TOTAL_NUMBER_OF VEHICLES,5.0,6.0,4.0,-1.0,-16.666666666666664,1.0,25.0,2.0,50.0
CONSTRUCTION_TIME,8.0,,,,,,,,
IMPROVEMENT_TIME,5254.0,,,,,,,,
ELAPSED_TIME,5262.0,3.1579408645629883,,5258.842059135437,166527.56605254486,,,,
