,CARG,ORTools,Optimal Sol,difference1,rate1,difference2,rate2,difference3,rate3
TOTALCOST,4101.418758293144,3891.424594997182,4483.16,209.9941632959617,5.39633129640827,-381.7412417068563,-8.515003740818,-591.735405002818,-13.199069517992173
TOTAL_NUMBER_OF VEHICLES,6.0,8.0,4.0,-2.0,-25.0,2.0,50.0,4.0,100.0
CONSTRUCTION_TIME,5.6,,,,,,,,
IMPROVEMENT_TIME,2530.8,,,,,,,,
ELAPSED_TIME,2536.4,3.4562642574310303,,2532.943735742569,73285.59239348365,,,,
