,CARG,ORTools,Optimal Sol,difference1,rate1,difference2,rate2,difference3,rate3
TOTALCOST,3845.473603234551,4064.437327782643,3324.8,-218.96372454809216,-5.387307193823751,520.6736032345507,15.660298461096927,739.6373277826428,22.24606977209585
TOTAL_NUMBER_OF VEHICLES,19.0,20.0,18.0,-1.0,-5.0,1.0,5.555555555555555,2.0,11.11111111111111
CONSTRUCTION_TIME,3.8,,,,,,,,
IMPROVEMENT_TIME,247.6,,,,,,,,
ELAPSED_TIME,251.4,2.335678815841675,,249.06432118415833,10663.466204980183,,,,
