,CARG,ORTools,Optimal Sol,difference1,rate1,difference2,rate2,difference3,rate3
TOTALCOST,3554.8911329242587,3501.9111855783763,3189.32,52.979947345882465,1.5128866649749795,365.57113292425856,11.462353508718428,312.5911855783761,9.8011860076247
TOTAL_NUMBER_OF VEHICLES,19.0,19.0,18.0,0.0,0.0,1.0,5.555555555555555,1.0,5.555555555555555
CONSTRUCTION_TIME,3.6,,,,,,,,
IMPROVEMENT_TIME,373.1,,,,,,,,
ELAPSED_TIME,376.7000000000001,3.634591579437256,,373.06540842056285,10264.300685974862,,,,
