,CARG,ORTools,Optimal Sol,difference1,rate1,difference2,rate2,difference3,rate3
TOTALCOST,3817.8576567007367,3661.046691932348,3602.8,156.81096476838866,4.28322766584607,215.05765670073652,5.969181100830923,58.24669193234786,1.6167062266111871
TOTAL_NUMBER_OF VEHICLES,22.0,20.0,18.0,2.0,10.0,4.0,22.22222222222222,2.0,11.11111111111111
CONSTRUCTION_TIME,3.9,,,,,,,,
IMPROVEMENT_TIME,283.2,,,,,,,,
ELAPSED_TIME,287.1,3.695505380630493,,283.40449461936953,7668.896820034332,,,,
