,CARG,ORTools,Optimal Sol,difference1,rate1,difference2,rate2,difference3,rate3
TOTALCOST,3742.311757207776,3566.553056270862,3371.0,175.758700936914,4.927971017503518,371.3117572077758,11.014884521144344,195.55305627086182,5.801039936839567
TOTAL_NUMBER_OF VEHICLES,20.0,20.0,18.0,0.0,0.0,2.0,11.11111111111111,2.0,11.11111111111111
CONSTRUCTION_TIME,3.7,,,,,,,,
IMPROVEMENT_TIME,285.5,,,,,,,,
ELAPSED_TIME,289.2,3.615272521972656,,285.58472747802733,7899.3969539590735,,,,
