,CARG,ORTools,Optimal Sol,difference1,rate1,difference2,rate2,difference3,rate3
TOTALCOST,3514.687644833083,3544.9544503790294,3249.05,-30.266805545946227,-0.8537995613091749,265.63764483308296,8.17585586042329,295.9044503790292,9.107414486666231
TOTAL_NUMBER_OF VEHICLES,21.0,20.0,18.0,1.0,5.0,3.0,16.666666666666664,2.0,11.11111111111111
CONSTRUCTION_TIME,3.9,,,,,,,,
IMPROVEMENT_TIME,358.1,,,,,,,,
ELAPSED_TIME,362.0,3.0870795249938965,,358.9129204750061,11626.293316033565,,,,
