,CARG,ORTools,Optimal Sol,difference1,rate1,difference2,rate2,difference3,rate3
TOTALCOST,3318.998171386538,3338.6610085544926,2851.68,-19.66283716795442,-0.5889438046442351,467.3181713865383,16.387468838948912,486.98100855449275,17.07698649759064
TOTAL_NUMBER_OF VEHICLES,19.0,20.0,18.0,-1.0,-5.0,1.0,5.555555555555555,2.0,11.11111111111111
CONSTRUCTION_TIME,4.3,,,,,,,,
IMPROVEMENT_TIME,242.4,,,,,,,,
ELAPSED_TIME,246.7,3.572352886199951,,243.12764711380004,6805.8127194826,,,,
