,CARG,ORTools,Optimal Sol,difference1,rate1,difference2,rate2,difference3,rate3
TOTALCOST,3295.0820049984204,3347.777792653432,3000.3,-52.69578765501137,-1.574052727473437,294.78200499842023,9.82508432484819,347.4777926534316,11.581434944953225
TOTAL_NUMBER_OF VEHICLES,19.0,19.0,18.0,0.0,0.0,1.0,5.555555555555555,1.0,5.555555555555555
CONSTRUCTION_TIME,3.6,,,,,,,,
IMPROVEMENT_TIME,275.6,,,,,,,,
ELAPSED_TIME,279.20000000000005,5.014328479766846,,274.1856715202332,5468.043679758734,,,,
