,CARG,ORTools,Optimal Sol,difference1,rate1,difference2,rate2,difference3,rate3
TOTALCOST,3648.09550997588,3576.848446053987,3081.13,71.24706392189273,1.9918949599470215,566.9655099758797,18.401220006162667,495.718446053987,16.088852013838657
TOTAL_NUMBER_OF VEHICLES,19.0,19.0,18.0,0.0,0.0,1.0,5.555555555555555,1.0,5.555555555555555
CONSTRUCTION_TIME,3.7,,,,,,,,
IMPROVEMENT_TIME,277.0,,,,,,,,
ELAPSED_TIME,280.7,4.529381275177002,,276.170618724823,6097.314444212485,,,,
