,CARG,ORTools,Optimal Sol,difference1,rate1,difference2,rate2,difference3,rate3
TOTALCOST,3293.315271186985,3551.7218886205487,3008.33,-258.40661743356395,-7.2755307295168405,284.98527118698485,9.473205106719837,543.3918886205488,18.062908278697776
TOTAL_NUMBER_OF VEHICLES,19.0,19.0,18.0,0.0,0.0,1.0,5.555555555555555,1.0,5.555555555555555
CONSTRUCTION_TIME,3.7,,,,,,,,
IMPROVEMENT_TIME,372.4,,,,,,,,
ELAPSED_TIME,376.1,4.393961668014526,,371.7060383319855,8459.473851075858,,,,
