,CARG,ORTools,Optimal Sol,difference1,rate1,difference2,rate2,difference3,rate3
TOTALCOST,3372.805183163541,3706.120953209389,3083.93,-333.3157700458478,-8.993656015387366,288.87518316354135,9.367112196565467,622.1909532093891,20.17526186422484
TOTAL_NUMBER_OF VEHICLES,19.0,19.0,18.0,0.0,0.0,1.0,5.555555555555555,1.0,5.555555555555555
CONSTRUCTION_TIME,3.6,,,,,,,,
IMPROVEMENT_TIME,315.0,,,,,,,,
ELAPSED_TIME,318.6,3.390578031539917,,315.2094219684601,9296.627862161302,,,,
