,CARG,ORTools,Optimal Sol,difference1,rate1,difference2,rate2,difference3,rate3
TOTALCOST,2471.3669580489704,2455.556246223108,2175.04,15.810711825862654,0.6438749611287103,296.3269580489705,13.623977400368293,280.5162462231078,12.897061489586758
TOTAL_NUMBER_OF VEHICLES,5.0,6.0,4.0,-1.0,-16.666666666666664,1.0,25.0,2.0,50.0
CONSTRUCTION_TIME,7.8,,,,,,,,
IMPROVEMENT_TIME,3411.0,,,,,,,,
ELAPSED_TIME,3418.8,3.317070484161377,,3415.482929515839,102966.84818198376,,,,
