,CARG,ORTools,Optimal Sol,difference1,rate1,difference2,rate2,difference3,rate3
TOTALCOST,2665.6983226910324,2590.784558141431,2525.83,74.91376454960164,2.8915474393340928,139.86832269103252,5.537519258660818,64.95455814143088,2.571612426071069
TOTAL_NUMBER_OF VEHICLES,6.0,7.0,4.0,-1.0,-14.285714285714285,2.0,50.0,3.0,75.0
CONSTRUCTION_TIME,7.8,,,,,,,,
IMPROVEMENT_TIME,2921.0,,,,,,,,
ELAPSED_TIME,2928.8,3.1589465141296387,,2925.6410534858705,92614.45359710215,,,,
