,CARG,ORTools,Optimal Sol,difference1,rate1,difference2,rate2,difference3,rate3
TOTALCOST,2510.2509005292204,2448.066466991753,2292.53,62.18443353746761,2.5401448194289205,217.72090052922022,9.496970618889183,155.5364669917526,6.784489929979219
TOTAL_NUMBER_OF VEHICLES,6.0,7.0,4.0,-1.0,-14.285714285714285,2.0,50.0,3.0,75.0
CONSTRUCTION_TIME,7.5,,,,,,,,
IMPROVEMENT_TIME,2458.4,,,,,,,,
ELAPSED_TIME,2465.9,3.7399981021881104,,2462.160001897812,65833.1885371094,,,,
