,CARG,ORTools,Optimal Sol,difference1,rate1,difference2,rate2,difference3,rate3
TOTALCOST,2895.2628626449537,2995.102214474253,2911.46,-99.83935182929918,-3.3334205205689296,-16.19713735504638,-0.5563235405963461,83.6422144742528,2.8728615359391094
TOTAL_NUMBER_OF VEHICLES,6.0,7.0,4.0,-1.0,-14.285714285714285,2.0,50.0,3.0,75.0
CONSTRUCTION_TIME,6.9,,,,,,,,
IMPROVEMENT_TIME,2190.4,,,,,,,,
ELAPSED_TIME,2197.3,3.837391376495361,,2193.462608623505,57160.25271904283,,,,
