,CARG,ORTools,Optimal Sol,difference1,rate1,difference2,rate2,difference3,rate3
TOTALCOST,2754.241598503262,2750.1525504169404,2873.12,4.089048086321782,0.14868440973217492,-118.87840149673775,-4.137606556521751,-122.96744958305953,-4.2799273814897925
TOTAL_NUMBER_OF VEHICLES,6.0,7.0,4.0,-1.0,-14.285714285714285,2.0,50.0,3.0,75.0
CONSTRUCTION_TIME,6.9,,,,,,,,
IMPROVEMENT_TIME,4677.2,,,,,,,,
ELAPSED_TIME,4684.099999999999,3.621857881546021,,4680.478142118453,129228.65267481316,,,,
