,CARG,ORTools,Optimal Sol,difference1,rate1,difference2,rate2,difference3,rate3
TOTALCOST,2558.859163909986,2424.09587723576,2601.87,134.76328667422604,5.559321639864304,-43.01083609001398,-1.6530739848652694,-177.77412276424002,-6.832552078475866
TOTAL_NUMBER_OF VEHICLES,6.0,7.0,4.0,-1.0,-14.285714285714285,2.0,50.0,3.0,75.0
CONSTRUCTION_TIME,9.1,,,,,,,,
IMPROVEMENT_TIME,4073.1,,,,,,,,
ELAPSED_TIME,4082.2,4.969289541244507,,4077.2307104587553,82048.56401741596,,,,
