,CARG,ORTools,Optimal Sol,difference1,rate1,difference2,rate2,difference3,rate3
TOTALCOST,2278.8856506596635,2163.2263309862,2015.6,115.65931967346341,5.346612049638612,263.2856506596636,13.062395845389144,147.62633098620017,7.324187883816243
TOTAL_NUMBER_OF VEHICLES,5.0,5.0,4.0,0.0,0.0,1.0,25.0,1.0,25.0
CONSTRUCTION_TIME,7.9,,,,,,,,
IMPROVEMENT_TIME,2370.9,,,,,,,,
ELAPSED_TIME,2378.8,5.833045482635498,,2372.9669545173647,40681.44096564126,,,,
