,CARG,ORTools,Optimal Sol,difference1,rate1,difference2,rate2,difference3,rate3
TOTALCOST,2241.1457202189285,2110.53551292912,2038.56,130.6102072898084,6.188486594501326,202.5857202189286,9.937687397914637,71.97551292912021,3.530703679514962
TOTAL_NUMBER_OF VEHICLES,6.0,7.0,4.0,-1.0,-14.285714285714285,2.0,50.0,3.0,75.0
CONSTRUCTION_TIME,9.3,,,,,,,,
IMPROVEMENT_TIME,3887.7,,,,,,,,
ELAPSED_TIME,3897.0,2.6901564598083496,,3894.3098435401917,144761.46282650146,,,,
