,CARG,ORTools,Optimal Sol,difference1,rate1,difference2,rate2,difference3,rate3
TOTALCOST,2957.8716457551973,2795.7487073933626,2825.24,162.1229383618347,5.798909534791175,132.6316457551975,4.694526686412394,-29.491292606637217,-1.0438508801601711
TOTAL_NUMBER_OF VEHICLES,7.0,8.0,5.0,-1.0,-12.5,2.0,40.0,3.0,60.0
CONSTRUCTION_TIME,7.6,,,,,,,,
IMPROVEMENT_TIME,1745.1,,,,,,,,
ELAPSED_TIME,1752.6999999999998,3.3355789184570312,,1749.3644210815428,52445.60131381218,,,,
