,CARG,ORTools,Optimal Sol,difference1,rate1,difference2,rate2,difference3,rate3
TOTALCOST,3065.10659347983,3127.5172110950234,3099.53,-62.41061761519359,-1.9955323473133515,-34.423406520170374,-1.1106008498117577,27.987211095023213,0.9029501600250105
TOTAL_NUMBER_OF VEHICLES,8.0,8.0,6.0,0.0,0.0,2.0,33.33333333333333,2.0,33.33333333333333
CONSTRUCTION_TIME,5.9,,,,,,,,
IMPROVEMENT_TIME,1613.6,,,,,,,,
ELAPSED_TIME,1619.5,3.4341964721679688,,1616.065803527832,47058.047395512825,,,,
