,TOTALCOST,TOTAL_NUMBER_OF VEHICLES,CONSTRUCTION_TIME,IMPROVEMENT_TIME,ELAPSED_TIME
count,4.0,4.0,0.0,0.0,0.0
mean,5.27888692556981,15.477941176470589,,,
std,1.68125688797612,10.830883924437883,,,
min,3.4904644140829157,3.333333333333333,,,
25%,4.1580289225525835,10.208333333333332,,,
50%,5.172570772873003,14.583333333333332,,,
75%,6.29342877589023,19.852941176470587,,,
max,7.27994174245032,29.411764705882355,,,
