case,TOTALCOST,TOTAL_NUMBER_OF VEHICLES,CONSTRUCTION_TIME,IMPROVEMENT_TIME,ELAPSED_TIME
C1_6_1,4.380550425375806,3.333333333333333,,,
C1_6_2,7.27994174245032,12.5,,,
C2_6_1,5.9645911203702,16.666666666666664,,,
C2_6_2,3.4904644140829157,29.411764705882355,,,
