,TOTALCOST,TOTAL_NUMBER_OF VEHICLES,CONSTRUCTION_TIME,IMPROVEMENT_TIME,ELAPSED_TIME
count,20.0,20.0,0.0,0.0,0.0
mean,234.05436760264064,1.7,,,
std,185.721062665857,0.8013147091860318,,,
min,-118.87840149673777,1.0,,,
25%,138.05915345707376,1.0,,,
50%,264.4616477463733,2.0,,,
75%,313.6380017677925,2.0,,,
max,566.9655099758797,4.0,,,
