,TOTALCOST,TOTAL_NUMBER_OF VEHICLES,CONSTRUCTION_TIME,IMPROVEMENT_TIME,ELAPSED_TIME
count,4.0,4.0,0.0,0.0,0.0
mean,1483.4841101780153,6.5,,,
std,1460.4915789457448,1.9148542155126762,,,
min,172.22756774369373,4.0,,,
25%,242.99446631597084,5.5,,,
50%,1487.462771888082,7.0,,,
75%,2727.9524157501264,8.0,,,
max,2786.7833291922034,8.0,,,
