,TOTALCOST,TOTAL_NUMBER_OF VEHICLES,CONSTRUCTION_TIME,IMPROVEMENT_TIME,ELAPSED_TIME
count,20.0,20.0,0.0,0.0,0.0
mean,7.8142698396974595,35.08333333333333,,,
std,8.166251556387914,30.55703079904952,,,
min,-6.832552078475866,5.555555555555555,,,
25%,2.3328858762060984,9.722222222222221,,,
50%,7.054338906897731,18.055555555555557,,,
75%,13.695009120649733,75.0,,,
max,22.24606977209585,75.0,,,
