,TOTALCOST,TOTAL_NUMBER_OF VEHICLES,CONSTRUCTION_TIME,IMPROVEMENT_TIME,ELAPSED_TIME
count,20.0,20.0,0.0,0.0,0.0
mean,229.9849238461029,2.05,,,
std,250.42916813658684,0.8255779474818964,,,
min,-177.77412276424002,1.0,,,
25%,63.277591589160124,1.0,,,
50%,175.5447616313072,2.0,,,
75%,382.3535966286969,3.0,,,
max,739.6373277826428,3.0,,,
