,TOTALCOST,TOTAL_NUMBER_OF VEHICLES,CONSTRUCTION_TIME,IMPROVEMENT_TIME,ELAPSED_TIME
count,12.0,12.0,0.0,0.0,12.0
mean,-1621.8191616498898,-0.9166666666666666,,,72615.80860415698
std,2572.364697629433,1.164500152881315,,,80069.12177486069
min,-7191.689802653147,-2.0,,,2547.564365434647
25%,-1567.537114767131,-2.0,,,10029.628082418441
50%,-573.6798928945445,-1.0,,,34662.88730144501
75%,-189.02782542934852,0.0,,,150232.09302676914
max,513.1529072014564,1.0,,,232513.6379048348
