,TOTALCOST,TOTAL_NUMBER_OF VEHICLES,CONSTRUCTION_TIME,IMPROVEMENT_TIME,ELAPSED_TIME
count,20.0,20.0,0.0,0.0,0.0
mean,752.4156081665866,3.25,,,
std,510.9676073354772,1.943274501832843,,,
min,-395.4217009070271,1.0,,,
25%,393.3447111630068,2.0,,,
50%,786.365846403005,2.5,,,
75%,1112.7797426476388,5.0,,,
max,1719.7151033544314,7.0,,,
