,TOTALCOST,TOTAL_NUMBER_OF VEHICLES,CONSTRUCTION_TIME,IMPROVEMENT_TIME,ELAPSED_TIME
count,4.0,4.0,0.0,0.0,4.0
mean,0.039405449137847826,-4.269655076106689,,,31888.99925096729
std,4.328367655865295,3.7774053903086164,,,23884.93596057805
min,-4.196685770947292,-9.090909090909092,,,5122.211443964001
25%,-3.423878882121709,-5.8441558441558445,,,16337.119948395259
50%,0.1054878480183099,-3.9938556067588324,,,31898.583718979702
75%,3.5687721792778673,-2.419354838709677,,,47450.46302155173
max,4.143331871462063,0.0,,,58636.61812194575
