case,TOTALCOST,TOTAL_NUMBER_OF VEHICLES,CONSTRUCTION_TIME,IMPROVEMENT_TIME,ELAPSED_TIME
C1_6_1,-4.196685770947292,-3.225806451612903,,,5122.211443964001
C1_6_2,3.377252281883135,0.0,,,20075.42278320568
C2_6_1,-3.1662765858465147,-4.761904761904762,,,43721.744654753726
C2_6_2,4.143331871462063,-9.090909090909092,,,58636.61812194575
