,TOTALCOST,TOTAL_NUMBER_OF VEHICLES,CONSTRUCTION_TIME,IMPROVEMENT_TIME,ELAPSED_TIME
count,56.0,56.0,0.0,0.0,0.0
mean,94.69250634422174,0.5357142857142857,,,
std,67.53382261387952,1.292837411057002,,,
min,1.6368669428338762,-4.0,,,
25%,43.37823090099897,0.0,,,
50%,85.2645862649398,1.0,,,
75%,134.04052638595755,1.0,,,
max,304.85410914609,3.0,,,
