,TOTALCOST,TOTAL_NUMBER_OF VEHICLES,CONSTRUCTION_TIME,IMPROVEMENT_TIME,ELAPSED_TIME
count,17.0,17.0,0.0,0.0,0.0
mean,6.632577185901679,3.92156862745098,,,
std,6.857013622068327,11.07018606925119,,,
min,0.1978565143036234,0.0,,,
25%,2.77125184218138,0.0,,,
50%,3.915086512551254,0.0,,,
75%,11.018789699298084,0.0,,,
max,25.724006921583506,33.33333333333333,,,
