,TOTALCOST,TOTAL_NUMBER_OF VEHICLES,CONSTRUCTION_TIME,IMPROVEMENT_TIME,ELAPSED_TIME
count,56.0,56.0,0.0,0.0,56.0
mean,2.625429233306424,-4.044154520782672,,,13371.83147051079
std,6.645965123447379,15.151508266235055,,,12197.818825538592
min,-12.829666930986686,-40.0,,,1725.5165489918763
25%,-0.34603582760540114,-7.852564102564102,,,3928.6242983210172
50%,2.0402677582247803,0.0,,,6757.11870063937
75%,6.229655159989779,0.0,,,19814.673494661554
max,19.466963987154426,33.33333333333333,,,55138.64283229727
