case,TOTALCOST,TOTAL_NUMBER_OF VEHICLES,CONSTRUCTION_TIME,IMPROVEMENT_TIME,ELAPSED_TIME
R2_6_2,4.353648784998029,36.36363636363637,,,
R2_6_1,2.194137530075125,45.45454545454545,,,
R1_6_1,10.3435041324558,5.084745762711865,,,
R1_6_2,16.878890654483964,5.555555555555555,,,
