,TOTALCOST,TOTAL_NUMBER_OF VEHICLES,CONSTRUCTION_TIME,IMPROVEMENT_TIME,ELAPSED_TIME
count,4.0,4.0,0.0,0.0,0.0
mean,8.442545275503228,23.114620784112308,,,
std,6.596646668130399,20.88065941723049,,,
min,2.194137530075125,5.084745762711865,,,
25%,3.813770971267303,5.437853107344633,,,
50%,7.348576458726915,20.959595959595962,,,
75%,11.97735076296284,38.63636363636364,,,
max,16.878890654483964,45.45454545454545,,,
