,TOTALCOST,TOTAL_NUMBER_OF VEHICLES,CONSTRUCTION_TIME,IMPROVEMENT_TIME,ELAPSED_TIME
count,20.0,20.0,0.0,0.0,20.0
mean,-243.1759239953511,-0.6,,,34937.984784808155
std,379.5429013721652,0.99472291830968,,,40358.04192093798
min,-745.9690250234298,-3.0,,,1238.4604898929597
25%,-571.0433778195397,-1.0,,,2580.99104732275
50%,-218.6718549770244,-0.5,,,19455.0865183115
75%,-20.44457345415458,0.0,,,47980.362508690356
max,545.7142970126934,1.0,,,125380.76693530082
