,TOTALCOST,TOTAL_NUMBER_OF VEHICLES,CONSTRUCTION_TIME,IMPROVEMENT_TIME,ELAPSED_TIME
count,60.0,60.0,0.0,0.0,0.0
mean,760.8566430072399,2.8,,,
std,531.3124314933469,1.64471418360842,,,
min,-395.4217009070271,0.0,,,
25%,393.3447111630068,1.75,,,
50%,754.8318767836508,2.5,,,
75%,1084.2742450580804,4.0,,,
max,2022.1297965129345,7.0,,,
