,TOTALCOST,TOTAL_NUMBER_OF VEHICLES,CONSTRUCTION_TIME,IMPROVEMENT_TIME,ELAPSED_TIME
count,20.0,20.0,0.0,0.0,0.0
mean,593.4827572455836,2.7,,,
std,442.5304910715422,1.719853114903161,,,
min,-632.2164926998394,0.0,,,
25%,480.61464996329005,1.0,,,
50%,765.3880185270227,2.5,,,
75%,870.3622391753561,4.0,,,
max,989.5867074729648,6.0,,,
