,TOTALCOST,TOTAL_NUMBER_OF VEHICLES,CONSTRUCTION_TIME,IMPROVEMENT_TIME,ELAPSED_TIME
count,56.0,56.0,0.0,0.0,56.0
mean,23.17944034903062,-0.30357142857142855,,,119.62319052645138
std,69.26926093118763,0.9519290053196358,,,105.9199744843254
min,-129.76798190403247,-2.0,,,12.050689697265623
25%,-4.973607798792841,-1.0,,,34.393580567836764
50%,22.310349567820936,0.0,,,55.77581858634949
75%,57.354929814402034,0.0,,,191.94675242900848
max,237.71810597206445,2.0,,,373.02348084449767
