,TOTALCOST,TOTAL_NUMBER_OF VEHICLES,CONSTRUCTION_TIME,IMPROVEMENT_TIME,ELAPSED_TIME
count,20.0,20.0,0.0,0.0,20.0
mean,-0.4391806447631354,-3.2229816966659066,,,91411.1166737694
std,5.477176120757089,14.644045793446917,,,133113.62477089308
min,-7.262436773215562,-28.57142857142857,,,6516.213186657476
25%,-5.284681304855071,-16.666666666666664,,,8397.490985940156
50%,-0.8314883590864096,0.0,,,42202.94759934223
75%,3.850447452438068,5.555555555555555,,,122983.54147096502
max,13.295095801916592,25.0,,,585023.2876675276
