,TOTALCOST,TOTAL_NUMBER_OF VEHICLES,CONSTRUCTION_TIME,IMPROVEMENT_TIME,ELAPSED_TIME
count,20.0,20.0,0.0,0.0,20.0
mean,-1.3276033470794864,-2.207441093352518,,,86393.49110816512
std,4.47263458711306,4.613763145075748,,,188719.69294618897
min,-10.640407073184488,-7.142857142857142,,,2886.9109854735425
25%,-2.846036957591805,-6.666666666666667,,,5523.078224849307
50%,-1.40618207269857,-2.4695121951219514,,,19783.215625651996
75%,1.5212069795623084,0.0,,,80099.53956577808
max,8.326392614532137,7.6923076923076925,,,835974.0065220688
