,TOTALCOST,TOTAL_NUMBER_OF VEHICLES,CONSTRUCTION_TIME,IMPROVEMENT_TIME,ELAPSED_TIME
count,20.0,20.0,0.0,0.0,20.0
mean,-158.93285092100305,-0.55,,,22229.430082392697
std,304.63007374946613,1.234376040972246,,,25211.400761288292
min,-985.246151581201,-3.0,,,2050.3474318027497
25%,-309.4268739875024,-1.0,,,2810.572090423107
50%,-150.89878199305986,0.0,,,21032.717451524735
75%,56.63395293334429,0.0,,,29486.252274513245
max,359.7238113390968,1.0,,,101159.844257164
