,TOTALCOST,TOTAL_NUMBER_OF VEHICLES,CONSTRUCTION_TIME,IMPROVEMENT_TIME,ELAPSED_TIME
count,20.0,20.0,0.0,0.0,20.0
mean,4.069443756537771,-0.35,,,1620.8796869301796
std,143.53074312763434,0.812727700887249,,,1530.267079770176
min,-333.3157700458478,-1.0,,,243.12764711380004
25%,-55.124495145056926,-1.0,,,285.0396692633629
50%,34.39532958587256,-0.5,,,994.5656059741975
75%,119.39704157754964,0.0,,,2578.0302647948265
max,175.758700936914,2.0,,,4680.478142118453
