,CARG,ORTools,Optimal Sol,difference1,rate1,difference2,rate2,difference3,rate3
TOTALCOST,854.3140355322728,828.9368669428338,827.3,25.377168589438952,3.061411502064251,27.01403553227283,3.265325218454349,1.6368669428338762,0.1978565143036234
TOTAL_NUMBER_OF VEHICLES,10.0,10.0,10.0,0.0,0.0,0.0,0.0,0.0,0.0
CONSTRUCTION_TIME,1.4,,,,,,,,
IMPROVEMENT_TIME,11.1,,,,,,,,
ELAPSED_TIME,12.5,0.449310302734375,,12.050689697265625,2682.0417034571756,,,,
