,CARG,ORTools,Optimal Sol,difference1,rate1,difference2,rate2,difference3,rate3
TOTALCOST,890.4234261747666,828.9368669428338,827.3,61.4865592319328,7.417520161541219,63.12342617476668,7.630052722684236,1.6368669428338762,0.1978565143036234
TOTAL_NUMBER_OF VEHICLES,10.0,10.0,10.0,0.0,0.0,0.0,0.0,0.0,0.0
CONSTRUCTION_TIME,1.8,,,,,,,,
IMPROVEMENT_TIME,33.6,,,,,,,,
ELAPSED_TIME,35.4,0.8822839260101318,,34.51771607398987,3912.3138319073805,,,,
