,CARG,ORTools,Optimal Sol,difference1,rate1,difference2,rate2,difference3,rate3
TOTALCOST,927.7886036640324,828.0648821980839,826.3,99.72372146594853,12.042984023333249,101.48860366403244,12.282295009564619,1.7648821980839102,0.21358855114170525
TOTAL_NUMBER_OF VEHICLES,10.0,10.0,10.0,0.0,0.0,0.0,0.0,0.0,0.0
CONSTRUCTION_TIME,1.9,,,,,,,,
IMPROVEMENT_TIME,21.5,,,,,,,,
ELAPSED_TIME,23.4,0.7476484775543213,,22.652351522445677,3029.8131010104066,,,,
