,CARG,ORTools,Optimal Sol,difference1,rate1,difference2,rate2,difference3,rate3
TOTALCOST,932.9390103587612,909.0862671289962,822.9,23.852743229764997,2.623815152889157,110.03901035876117,13.372099934227874,86.18626712899618,10.473480025397519
TOTAL_NUMBER_OF VEHICLES,10.0,10.0,10.0,0.0,0.0,0.0,0.0,0.0,0.0
CONSTRUCTION_TIME,2.0,,,,,,,,
IMPROVEMENT_TIME,30.9,,,,,,,,
ELAPSED_TIME,32.9,0.8985803127288818,,32.00141968727112,3561.3310500968582,,,,
