,CARG,ORTools,Optimal Sol,difference1,rate1,difference2,rate2,difference3,rate3
TOTALCOST,828.936866942834,828.9368669428338,827.3,1.1368683772161603e-13,1.3714776390740048e-14,1.63686694283399,0.19785651430363713,1.6368669428338762,0.1978565143036234
TOTAL_NUMBER_OF VEHICLES,10.0,10.0,10.0,0.0,0.0,0.0,0.0,0.0,0.0
CONSTRUCTION_TIME,1.6,,,,,,,,
IMPROVEMENT_TIME,19.0,,,,,,,,
ELAPSED_TIME,20.6,0.5423879623413086,,20.057612037658693,3698.0193939180813,,,,
