,CARG,ORTools,Optimal Sol,difference1,rate1,difference2,rate2,difference3,rate3
TOTALCOST,828.9368669428338,828.9368669428338,827.3,0.0,0.0,1.6368669428338762,0.1978565143036234,1.6368669428338762,0.1978565143036234
TOTAL_NUMBER_OF VEHICLES,10.0,10.0,10.0,0.0,0.0,0.0,0.0,0.0,0.0
CONSTRUCTION_TIME,3.2,,,,,,,,
IMPROVEMENT_TIME,31.0,,,,,,,,
ELAPSED_TIME,34.2,0.466306209564209,,33.733693790435794,7234.236452043379,,,,
