,CARG,ORTools,Optimal Sol,difference1,rate1,difference2,rate2,difference3,rate3
TOTALCOST,854.3140355322728,828.936866942834,827.3,25.37716858943884,3.061411502064237,27.01403553227283,3.265325218454349,1.63686694283399,0.19785651430363713
TOTAL_NUMBER_OF VEHICLES,10.0,10.0,10.0,0.0,0.0,0.0,0.0,0.0,0.0
CONSTRUCTION_TIME,2.3,,,,,,,,
IMPROVEMENT_TIME,24.4,,,,,,,,
ELAPSED_TIME,26.7,0.6618640422821045,,26.038135957717895,3934.0611204588954,,,,
