,CARG,ORTools,Optimal Sol,difference1,rate1,difference2,rate2,difference3,rate3
TOTALCOST,859.3852261442859,854.3140355322728,827.3,5.071190612013083,0.5935979512327131,32.08522614428591,3.878306073284892,27.01403553227283,3.265325218454349
TOTAL_NUMBER_OF VEHICLES,10.0,10.0,10.0,0.0,0.0,0.0,0.0,0.0,0.0
CONSTRUCTION_TIME,2.5,,,,,,,,
IMPROVEMENT_TIME,31.6,,,,,,,,
ELAPSED_TIME,34.1,0.7126672267913818,,33.38733277320862,4684.841889464639,,,,
