,CARG,ORTools,Optimal Sol,difference1,rate1,difference2,rate2,difference3,rate3
TOTALCOST,850.2265664903665,975.3623010907124,827.3,-125.13573460034593,-12.829666930986686,22.926566490366554,2.7712518421813797,148.06230109071248,17.897050778521997
TOTAL_NUMBER_OF VEHICLES,10.0,10.0,10.0,0.0,0.0,0.0,0.0,0.0,0.0
CONSTRUCTION_TIME,3.5,,,,,,,,
IMPROVEMENT_TIME,37.2,,,,,,,,
ELAPSED_TIME,40.7,0.8801345825195312,,39.81986541748047,4524.292785256716,,,,
