,CARG,ORTools,Optimal Sol,difference1,rate1,difference2,rate2,difference3,rate3
TOTALCOST,591.5565566715014,591.5565566715014,589.1,0.0,0.0,2.456556671501403,0.417001641741878,2.456556671501403,0.417001641741878
TOTAL_NUMBER_OF VEHICLES,3.0,3.0,3.0,0.0,0.0,0.0,0.0,0.0,0.0
CONSTRUCTION_TIME,2.1,,,,,,,,
IMPROVEMENT_TIME,70.7,,,,,,,,
ELAPSED_TIME,72.8,0.5879108905792236,,72.21208910942077,12282.828956999883,,,,
