,CARG,ORTools,Optimal Sol,difference1,rate1,difference2,rate2,difference3,rate3
TOTALCOST,740.6401247750484,654.751416296912,589.1,85.88870847813644,13.117758333979415,151.5401247750484,25.724006921583502,65.65141629691198,11.144358563386856
TOTAL_NUMBER_OF VEHICLES,4.0,3.0,3.0,1.0,33.33333333333333,1.0,33.33333333333333,0.0,0.0
CONSTRUCTION_TIME,3.3,,,,,,,,
IMPROVEMENT_TIME,129.9,,,,,,,,
ELAPSED_TIME,133.20000000000002,0.7261133193969727,,132.47388668060304,18244.244134045195,,,,
