,CARG,ORTools,Optimal Sol,difference1,rate1,difference2,rate2,difference3,rate3
TOTALCOST,677.1842117774937,621.2064917689353,588.7,55.977720008558435,9.011129270262034,88.48421177749367,15.03044195303103,32.506491768935234,5.521741424993245
TOTAL_NUMBER_OF VEHICLES,4.0,3.0,3.0,1.0,33.33333333333333,1.0,33.33333333333333,0.0,0.0
CONSTRUCTION_TIME,2.4,,,,,,,,
IMPROVEMENT_TIME,156.4,,,,,,,,
ELAPSED_TIME,158.8,1.1400938034057615,,157.65990619659425,13828.678458353377,,,,
