,CARG,ORTools,Optimal Sol,difference1,rate1,difference2,rate2,difference3,rate3
TOTALCOST,652.9015022215721,602.452170240774,588.1,50.44933198079809,8.373997882792203,64.80150222157204,11.018789699298084,14.352170240773944,2.4404302398867443
TOTAL_NUMBER_OF VEHICLES,3.0,3.0,3.0,0.0,0.0,0.0,0.0,0.0,0.0
CONSTRUCTION_TIME,2.4,,,,,,,,
IMPROVEMENT_TIME,294.2,,,,,,,,
ELAPSED_TIME,296.6,1.2946414947509766,,295.30535850524905,22809.817212142643,,,,
