,CARG,ORTools,Optimal Sol,difference1,rate1,difference2,rate2,difference3,rate3
TOTALCOST,609.3580673096005,609.3580673096006,586.4,-1.1368683772161603e-13,-1.865681999149679e-14,22.95806730960055,3.915086512551254,22.958067309600665,3.915086512551273
TOTAL_NUMBER_OF VEHICLES,3.0,3.0,3.0,0.0,0.0,0.0,0.0,0.0,0.0
CONSTRUCTION_TIME,2.2,,,,,,,,
IMPROVEMENT_TIME,179.8,,,,,,,,
ELAPSED_TIME,182.0,0.9032647609710692,,181.09673523902893,20049.13100388617,,,,
