,CARG,ORTools,Optimal Sol,difference1,rate1,difference2,rate2,difference3,rate3
TOTALCOST,588.8759626534237,588.4928487625536,586.0,0.38311389087004954,0.06510085749990636,2.8759626534236986,0.490778609799266,2.492848762553649,0.4254008127224657
TOTAL_NUMBER_OF VEHICLES,3.0,3.0,3.0,0.0,0.0,0.0,0.0,0.0,0.0
CONSTRUCTION_TIME,1.9,,,,,,,,
IMPROVEMENT_TIME,265.8,,,,,,,,
ELAPSED_TIME,267.7,0.7589690685272217,,266.94103093147277,35171.52964474184,,,,
