,CARG,ORTools,Optimal Sol,difference1,rate1,difference2,rate2,difference3,rate3
TOTALCOST,611.5876265877072,588.2863214262125,585.8,23.301305161494724,3.9608782854247204,25.787626587707223,4.402121302100926,2.4863214262124984,0.4244317900670021
TOTAL_NUMBER_OF VEHICLES,3.0,3.0,3.0,0.0,0.0,0.0,0.0,0.0,0.0
CONSTRUCTION_TIME,2.2,,,,,,,,
IMPROVEMENT_TIME,202.7,,,,,,,,
ELAPSED_TIME,204.9,0.7742679119110107,,204.125732088089,26363.70808448922,,,,
