,CARG,ORTools,Optimal Sol,difference1,rate1,difference2,rate2,difference3,rate3
TOTALCOST,614.4761780974493,588.323800657399,585.8,26.15237744005026,4.445235329732934,28.676178097449338,4.895216472763629,2.5238006573990788,0.430829746910051
TOTAL_NUMBER_OF VEHICLES,3.0,3.0,3.0,0.0,0.0,0.0,0.0,0.0,0.0
CONSTRUCTION_TIME,2.0,,,,,,,,
IMPROVEMENT_TIME,170.8,,,,,,,,
ELAPSED_TIME,172.8,0.6753098964691162,,172.1246901035309,25488.252282913585,,,,
