,CARG,ORTools,Optimal Sol,difference1,rate1,difference2,rate2,difference3,rate3
TOTALCOST,1681.2183541154095,1682.6464137628489,1637.7,-1.4280596474393406,-0.08486985951170907,43.518354115409466,2.6572848577523027,44.946413762848806,2.7444839569425903
TOTAL_NUMBER_OF VEHICLES,21.0,20.0,20.0,1.0,5.0,1.0,5.0,0.0,0.0
CONSTRUCTION_TIME,1.4,,,,,,,,
IMPROVEMENT_TIME,18.0,,,,,,,,
ELAPSED_TIME,19.4,1.0627129077911377,,18.33728709220886,1725.5165489918763,,,,
