,CARG,ORTools,Optimal Sol,difference1,rate1,difference2,rate2,difference3,rate3
TOTALCOST,1509.5578612577674,1537.8431615392435,1466.6,-28.28530028147611,-1.8392838092257118,42.95786125776749,2.9290782256762236,71.2431615392436,4.857709091725324
TOTAL_NUMBER_OF VEHICLES,19.0,19.0,18.0,0.0,0.0,1.0,5.555555555555555,1.0,5.555555555555555
CONSTRUCTION_TIME,1.6,,,,,,,,
IMPROVEMENT_TIME,29.0,,,,,,,,
ELAPSED_TIME,30.6,0.6947939395904541,,29.905206060409547,4304.183493315609,,,,
