,CARG,ORTools,Optimal Sol,difference1,rate1,difference2,rate2,difference3,rate3
TOTALCOST,1342.179820800982,1263.68614167908,1208.7,78.493679121902,6.211485315301962,133.479820800982,11.04325480276181,54.98614167907999,4.54919679648217
TOTAL_NUMBER_OF VEHICLES,17.0,15.0,14.0,2.0,13.333333333333334,3.0,21.428571428571427,1.0,7.142857142857142
CONSTRUCTION_TIME,1.8,,,,,,,,
IMPROVEMENT_TIME,37.3,,,,,,,,
ELAPSED_TIME,39.1,0.6128525733947754,,38.487147426605226,6280.00094923536,,,,
