,CARG,ORTools,Optimal Sol,difference1,rate1,difference2,rate2,difference3,rate3
TOTALCOST,1108.870237295071,1033.7799078919757,971.5,75.09032940309544,7.263666940114488,137.3702372950711,14.140014132277004,62.279907891975654,6.410695614202331
TOTAL_NUMBER_OF VEHICLES,11.0,12.0,11.0,-1.0,-8.333333333333332,0.0,0.0,1.0,9.090909090909092
CONSTRUCTION_TIME,1.9,,,,,,,,
IMPROVEMENT_TIME,49.8,,,,,,,,
ELAPSED_TIME,51.7,1.190429449081421,,50.50957055091858,4242.970517059505,,,,
