,CARG,ORTools,Optimal Sol,difference1,rate1,difference2,rate2,difference3,rate3
TOTALCOST,1408.9574896117806,1466.3288810593724,1355.3,-57.371391447591805,-3.912586882019465,53.65748961178065,3.959085782614967,111.02888105937245,8.19219959118811
TOTAL_NUMBER_OF VEHICLES,15.0,16.0,15.0,-1.0,-6.25,0.0,0.0,1.0,6.666666666666667
CONSTRUCTION_TIME,1.6,,,,,,,,
IMPROVEMENT_TIME,28.5,,,,,,,,
ELAPSED_TIME,30.1,0.7515599727630615,,29.34844002723694,3905.003072388129,,,,
