,CARG,ORTools,Optimal Sol,difference1,rate1,difference2,rate2,difference3,rate3
TOTALCOST,1322.504001572942,1304.672725604803,1234.6,17.831275968138925,1.3667240541012258,87.90400157294198,7.120039006394134,70.07272560480305,5.675743204665727
TOTAL_NUMBER_OF VEHICLES,13.0,13.0,13.0,0.0,0.0,0.0,0.0,0.0,0.0
CONSTRUCTION_TIME,1.9,,,,,,,,
IMPROVEMENT_TIME,34.3,,,,,,,,
ELAPSED_TIME,36.2,0.7740139961242676,,35.425986003875735,4576.9180119823195,,,,
