,CARG,ORTools,Optimal Sol,difference1,rate1,difference2,rate2,difference3,rate3
TOTALCOST,1180.132692417682,1189.7842926100384,1064.6,-9.651600192356454,-0.8112058843190533,115.53269241768203,10.85221608281815,125.18429261003848,11.758810126811808
TOTAL_NUMBER_OF VEHICLES,13.0,12.0,11.0,1.0,8.333333333333332,2.0,18.181818181818183,1.0,9.090909090909092
CONSTRUCTION_TIME,1.9,,,,,,,,
IMPROVEMENT_TIME,48.0,,,,,,,,
ELAPSED_TIME,49.9,0.8337094783782959,,49.0662905216217,5885.298391600852,,,,
