,CARG,ORTools,Optimal Sol,difference1,rate1,difference2,rate2,difference3,rate3
TOTALCOST,1054.7024401105828,1037.770589782723,960.88,16.93185032785982,1.6315600475250338,93.82244011058276,9.7642203095686,76.89058978272294,8.00210117628871
TOTAL_NUMBER_OF VEHICLES,10.0,11.0,9.0,-1.0,-9.090909090909092,1.0,11.11111111111111,2.0,22.22222222222222
CONSTRUCTION_TIME,2.0,,,,,,,,
IMPROVEMENT_TIME,55.2,,,,,,,,
ELAPSED_TIME,57.2,1.3781874179840088,,55.821812582015994,4050.3789146233303,,,,
