,CARG,ORTools,Optimal Sol,difference1,rate1,difference2,rate2,difference3,rate3
TOTALCOST,1219.0551354383451,1286.605021313961,1146.9,-67.54988587561593,-5.250242674059346,72.15513543834504,6.291318810562825,139.70502131396097,12.181098728220503
TOTAL_NUMBER_OF VEHICLES,13.0,14.0,13.0,-1.0,-7.142857142857142,0.0,0.0,1.0,7.6923076923076925
CONSTRUCTION_TIME,1.9,,,,,,,,
IMPROVEMENT_TIME,40.0,,,,,,,,
ELAPSED_TIME,41.9,0.8165862560272217,,41.08341374397278,5031.117465024199,,,,
