,CARG,ORTools,Optimal Sol,difference1,rate1,difference2,rate2,difference3,rate3
TOTALCOST,1200.1438836206803,1329.9118655247128,1068.0,-129.76798190403247,-9.757637725326475,132.1438836206803,12.373022810925121,261.91186552471277,24.52358291429895
TOTAL_NUMBER_OF VEHICLES,13.0,13.0,12.0,0.0,0.0,1.0,8.333333333333332,1.0,8.333333333333332
CONSTRUCTION_TIME,2.0,,,,,,,,
IMPROVEMENT_TIME,33.8,,,,,,,,
ELAPSED_TIME,35.8,0.7146005630493164,,35.08539943695068,4909.791742569527,,,,
