,CARG,ORTools,Optimal Sol,difference1,rate1,difference2,rate2,difference3,rate3
TOTALCOST,1184.4226431408842,1147.286498954803,1048.7,37.13614418608131,3.2368675322086466,135.7226431408842,12.941989428900943,98.58649895480289,9.400829498884608
TOTAL_NUMBER_OF VEHICLES,13.0,13.0,12.0,0.0,0.0,1.0,8.333333333333332,1.0,8.333333333333332
CONSTRUCTION_TIME,1.9,,,,,,,,
IMPROVEMENT_TIME,45.0,,,,,,,,
ELAPSED_TIME,46.9,1.2819585800170898,,45.61804141998291,3558.4645347414244,,,,
