,CARG,ORTools,Optimal Sol,difference1,rate1,difference2,rate2,difference3,rate3
TOTALCOST,1109.9574859616357,1044.330064743633,982.14,65.62742121800261,6.284164694053228,127.81748596163573,13.01418188462294,62.190064743633116,6.332097739999706
TOTAL_NUMBER_OF VEHICLES,12.0,11.0,9.0,1.0,9.090909090909092,3.0,33.33333333333333,2.0,22.22222222222222
CONSTRUCTION_TIME,1.8,,,,,,,,
IMPROVEMENT_TIME,43.0,,,,,,,,
ELAPSED_TIME,44.8,1.0185320377349854,,43.78146796226501,4298.48707161204,,,,
