,CARG,ORTools,Optimal Sol,difference1,rate1,difference2,rate2,difference3,rate3
TOTALCOST,1255.8893304860144,1284.2923111906018,1143.2,-28.402980704587435,-2.2115666703833554,112.68933048601434,9.857359209763326,141.09231119060178,12.341874666777622
TOTAL_NUMBER_OF VEHICLES,5.0,5.0,8.0,0.0,0.0,-3.0,-37.5,-3.0,-37.5
CONSTRUCTION_TIME,2.1,,,,,,,,
IMPROVEMENT_TIME,135.9,,,,,,,,
ELAPSED_TIME,138.0,0.8171138763427734,,137.18288612365723,16788.710863369302,,,,
