,CARG,ORTools,Optimal Sol,difference1,rate1,difference2,rate2,difference3,rate3
TOTALCOST,1230.7167390706547,1118.7652303448097,1191.7,111.95150872584509,10.00670254038383,39.016739070654694,3.2740403684362414,-72.9347696551904,-6.1202290555668695
TOTAL_NUMBER_OF VEHICLES,4.0,6.0,3.0,-2.0,-33.33333333333333,1.0,33.33333333333333,3.0,100.0
CONSTRUCTION_TIME,2.3,,,,,,,,
IMPROVEMENT_TIME,203.9,,,,,,,,
ELAPSED_TIME,206.2,1.1451196670532229,,205.05488033294677,17906.851679582254,,,,
