,CARG,ORTools,Optimal Sol,difference1,rate1,difference2,rate2,difference3,rate3
TOTALCOST,992.385251749738,952.5921126433668,939.54,39.7931391063712,4.177353410574482,52.845251749738054,5.624587750360608,13.052112643366854,1.38920244410742
TOTAL_NUMBER_OF VEHICLES,4.0,6.0,3.0,-2.0,-33.33333333333333,1.0,33.33333333333333,3.0,100.0
CONSTRUCTION_TIME,2.6,,,,,,,,
IMPROVEMENT_TIME,271.4,,,,,,,,
ELAPSED_TIME,274.0,0.9883012771606444,,273.01169872283936,27624.339362101462,,,,
