,CARG,ORTools,Optimal Sol,difference1,rate1,difference2,rate2,difference3,rate3
TOTALCOST,839.1503541621943,896.5356887298606,825.52,-57.38533456766629,-6.400786414756696,13.630354162194294,1.651123432768957,71.01568872986059,8.602540063215985
TOTAL_NUMBER_OF VEHICLES,3.0,5.0,2.0,-2.0,-40.0,1.0,50.0,3.0,150.0
CONSTRUCTION_TIME,3.5,,,,,,,,
IMPROVEMENT_TIME,345.2,,,,,,,,
ELAPSED_TIME,348.7,0.7646303176879883,,347.935369682312,45503.73711761309,,,,
