,CARG,ORTools,Optimal Sol,difference1,rate1,difference2,rate2,difference3,rate3
TOTALCOST,1105.4669384097524,1056.2100571557407,994.42,49.25688125401166,4.663549728607499,111.04693840975244,11.16700573296519,61.79005715574078,6.213678039031876
TOTAL_NUMBER_OF VEHICLES,4.0,5.0,3.0,-1.0,-20.0,1.0,33.33333333333333,2.0,66.66666666666666
CONSTRUCTION_TIME,2.1,,,,,,,,
IMPROVEMENT_TIME,238.2,,,,,,,,
ELAPSED_TIME,240.3,1.2114019393920898,,239.08859806060792,19736.520991586676,,,,
