,CARG,ORTools,Optimal Sol,difference1,rate1,difference2,rate2,difference3,rate3
TOTALCOST,954.0618744732336,1007.1700944656131,906.14,-53.10821999237953,-5.273013990805379,47.92187447323363,5.288572899688087,101.03009446561316,11.149501673650116
TOTAL_NUMBER_OF VEHICLES,4.0,3.0,3.0,1.0,33.33333333333333,1.0,33.33333333333333,0.0,0.0
CONSTRUCTION_TIME,2.7,,,,,,,,
IMPROVEMENT_TIME,210.4,,,,,,,,
ELAPSED_TIME,213.1,0.8768513202667236,,212.22314867973327,24202.865842202133,,,,
