,CARG,ORTools,Optimal Sol,difference1,rate1,difference2,rate2,difference3,rate3
TOTALCOST,1009.1055069735992,886.7611437782523,893.33,122.34436319534689,13.796766361916834,115.77550697359914,12.95999316866098,-6.568856221747751,-0.7353224700556067
TOTAL_NUMBER_OF VEHICLES,3.0,3.0,2.0,0.0,0.0,1.0,50.0,1.0,50.0
CONSTRUCTION_TIME,2.9,,,,,,,,
IMPROVEMENT_TIME,311.0,,,,,,,,
ELAPSED_TIME,313.9,0.8271756172180176,,313.07282438278196,37848.41064775556,,,,
