,CARG,ORTools,Optimal Sol,difference1,rate1,difference2,rate2,difference3,rate3
TOTALCOST,868.206308360034,934.9136872266791,726.75,-66.70737886664517,-7.135137690039113,141.45630836003397,19.464232316482143,208.16368722667914,28.643094217637312
TOTAL_NUMBER_OF VEHICLES,3.0,3.0,2.0,0.0,0.0,1.0,50.0,1.0,50.0
CONSTRUCTION_TIME,2.8,,,,,,,,
IMPROVEMENT_TIME,370.9,,,,,,,,
ELAPSED_TIME,373.7,0.6765191555023193,,373.02348084449767,55138.64283229727,,,,
