,CARG,ORTools,Optimal Sol,difference1,rate1,difference2,rate2,difference3,rate3
TOTALCOST,1138.8992426287289,953.4637057771084,909.16,185.43553685162044,19.44862040663452,229.7392426287289,25.269396215047834,44.30370577710846,4.873037284648298
TOTAL_NUMBER_OF VEHICLES,3.0,4.0,3.0,-1.0,-25.0,0.0,0.0,1.0,33.33333333333333
CONSTRUCTION_TIME,2.5,,,,,,,,
IMPROVEMENT_TIME,187.7,,,,,,,,
ELAPSED_TIME,190.2,1.0081489086151123,,189.19185109138488,18766.260566732795,,,,
