,CARG,ORTools,Optimal Sol,difference1,rate1,difference2,rate2,difference3,rate3
TOTALCOST,998.6852377082146,977.3658437340674,939.34,21.319393974147147,2.181311543760881,59.34523770821454,6.317759033812521,38.025843734067394,4.048144839362466
TOTAL_NUMBER_OF VEHICLES,4.0,6.0,3.0,-2.0,-33.33333333333333,1.0,33.33333333333333,3.0,100.0
CONSTRUCTION_TIME,2.6,,,,,,,,
IMPROVEMENT_TIME,249.8,,,,,,,,
ELAPSED_TIME,252.4,0.9982516765594482,,251.40174832344056,25184.204968221657,,,,
