,CARG,ORTools,Optimal Sol,difference1,rate1,difference2,rate2,difference3,rate3
TOTALCOST,941.375919874424,859.2751510889007,892.71,82.10076878552331,9.554654138605384,48.665919874423935,5.451481430075157,-33.43484891109938,-3.7453203068296954
TOTAL_NUMBER_OF VEHICLES,3.0,3.0,2.0,0.0,0.0,1.0,50.0,1.0,50.0
CONSTRUCTION_TIME,3.0,,,,,,,,
IMPROVEMENT_TIME,333.6,,,,,,,,
ELAPSED_TIME,336.6,1.2191073894500732,,335.38089261054995,27510.36500253163,,,,
