,CARG,ORTools,Optimal Sol,difference1,rate1,difference2,rate2,difference3,rate3
TOTALCOST,1399.144283954886,1402.631462079011,1258.0,-3.4871781241249664,-0.24861684757564148,141.14428395488608,11.219736403409069,144.63146207901104,11.49693657225843
TOTAL_NUMBER_OF VEHICLES,13.0,13.0,11.0,0.0,0.0,2.0,18.181818181818183,2.0,18.181818181818183
CONSTRUCTION_TIME,1.7,,,,,,,,
IMPROVEMENT_TIME,55.1,,,,,,,,
ELAPSED_TIME,56.8,1.0701754093170166,,55.72982459068298,5207.541128818277,,,,
