,CARG,ORTools,Optimal Sol,difference1,rate1,difference2,rate2,difference3,rate3
TOTALCOST,1596.3251709569377,1679.051774946961,1513.7,-82.72660399002325,-4.926983504879502,82.62517095693761,5.458490517073238,165.35177494696086,10.92368203388788
TOTAL_NUMBER_OF VEHICLES,17.0,18.0,15.0,-1.0,-5.555555555555555,2.0,13.333333333333334,3.0,20.0
CONSTRUCTION_TIME,1.9,,,,,,,,
IMPROVEMENT_TIME,34.9,,,,,,,,
ELAPSED_TIME,36.8,0.9296307563781738,,35.87036924362182,3858.5609391165362,,,,
