,CARG,ORTools,Optimal Sol,difference1,rate1,difference2,rate2,difference3,rate3
TOTALCOST,1752.735056417385,1744.2148185158585,1619.8,8.52023790152657,0.4884855816542361,132.9350564173851,8.206880875255287,124.41481851585854,7.680875325093131
TOTAL_NUMBER_OF VEHICLES,18.0,17.0,15.0,1.0,5.88235294117647,3.0,20.0,2.0,13.333333333333334
CONSTRUCTION_TIME,1.5,,,,,,,,
IMPROVEMENT_TIME,26.1,,,,,,,,
ELAPSED_TIME,27.6,0.7320868968963623,,26.86791310310364,3670.0442552664877,,,,
