,CARG,ORTools,Optimal Sol,difference1,rate1,difference2,rate2,difference3,rate3
TOTALCOST,1560.0726931119805,1535.8287401633131,1457.4,24.243952948667356,1.5785583584071596,102.67269311198038,7.044921992039274,78.42874016331302,5.381414859565872
TOTAL_NUMBER_OF VEHICLES,15.0,14.0,14.0,1.0,7.142857142857142,1.0,7.142857142857142,0.0,0.0
CONSTRUCTION_TIME,2.0,,,,,,,,
IMPROVEMENT_TIME,35.9,,,,,,,,
ELAPSED_TIME,37.9,1.0054235458374023,,36.894576454162596,3669.555642187955,,,,
