,CARG,ORTools,Optimal Sol,difference1,rate1,difference2,rate2,difference3,rate3
TOTALCOST,1364.4901652029296,1285.395709236888,1114.2,79.09445596604155,6.153315698634022,250.29016520292953,22.46366587712525,171.19570923688798,15.364899410957456
TOTAL_NUMBER_OF VEHICLES,12.0,13.0,11.0,-1.0,-7.6923076923076925,1.0,9.090909090909092,2.0,18.181818181818183
CONSTRUCTION_TIME,1.7,,,,,,,,
IMPROVEMENT_TIME,33.4,,,,,,,,
ELAPSED_TIME,35.1,1.0788259506225586,,34.02117404937744,3153.536863823569,,,,
