,CARG,ORTools,Optimal Sol,difference1,rate1,difference2,rate2,difference3,rate3
TOTALCOST,1500.0367393682686,1482.4711477557992,1424.73,17.56559161246946,1.184885900751639,75.30673936826861,5.285684962643351,57.74114775579915,4.052778263656913
TOTAL_NUMBER_OF VEHICLES,13.0,15.0,11.0,-2.0,-13.333333333333334,2.0,18.181818181818183,4.0,36.36363636363637
CONSTRUCTION_TIME,1.8,,,,,,,,
IMPROVEMENT_TIME,22.0,,,,,,,,
ELAPSED_TIME,23.8,0.7900748252868652,,23.009925174713135,2912.372909282175,,,,
