,CARG,ORTools,Optimal Sol,difference1,rate1,difference2,rate2,difference3,rate3
TOTALCOST,1294.0206138887336,1261.8924397078852,1135.48,32.12817418084842,2.546031117223093,158.54061388873356,13.962431208716449,126.41243970788514,11.132951677518331
TOTAL_NUMBER_OF VEHICLES,12.0,12.0,10.0,0.0,0.0,2.0,20.0,2.0,20.0
CONSTRUCTION_TIME,1.8,,,,,,,,
IMPROVEMENT_TIME,28.1,,,,,,,,
ELAPSED_TIME,29.9,1.4339017868041992,,28.4660982131958,1985.2195230636723,,,,
