,CARG,ORTools,Optimal Sol,difference1,rate1,difference2,rate2,difference3,rate3
TOTALCOST,1353.609312404638,1363.838624573356,1207.8,-10.229312168717797,-0.7500383098416641,145.80931240463815,12.072306044431045,156.03862457335595,12.91924363084583
TOTAL_NUMBER_OF VEHICLES,13.0,14.0,12.0,-1.0,-7.142857142857142,1.0,8.333333333333332,2.0,16.666666666666664
CONSTRUCTION_TIME,1.9,,,,,,,,
IMPROVEMENT_TIME,41.7,,,,,,,,
ELAPSED_TIME,43.6,0.9911389350891112,,42.60886106491089,4298.979644168658,,,,
