,CARG,ORTools,Optimal Sol,difference1,rate1,difference2,rate2,difference3,rate3
TOTALCOST,1063.8648154554355,1024.1110775959787,828.14,39.753737859456805,3.8817798898119156,235.72481545543553,28.46436779474914,195.97107759597873,23.664003380585257
TOTAL_NUMBER_OF VEHICLES,3.0,3.0,3.0,0.0,0.0,0.0,0.0,0.0,0.0
CONSTRUCTION_TIME,2.5,,,,,,,,
IMPROVEMENT_TIME,338.0,,,,,,,,
ELAPSED_TIME,340.5,0.9982030391693116,,339.5017969608307,34011.29666398918,,,,
