,CARG,ORTools,Optimal Sol,difference1,rate1,difference2,rate2,difference3,rate3
TOTALCOST,1458.85410914609,1221.1360031740255,1154.0,237.71810597206445,19.466963987154422,304.85410914608997,26.417167170371748,67.13600317402552,5.817677918026474
TOTAL_NUMBER_OF VEHICLES,5.0,7.0,7.0,-2.0,-28.57142857142857,-2.0,-28.57142857142857,0.0,0.0
CONSTRUCTION_TIME,2.2,,,,,,,,
IMPROVEMENT_TIME,116.7,,,,,,,,
ELAPSED_TIME,118.9,1.3413057327270508,,117.55869426727295,8764.496519988823,,,,
