,CARG,ORTools,Optimal Sol,difference1,rate1,difference2,rate2,difference3,rate3
TOTALCOST,1136.1266611259307,1101.602376166651,1061.14,34.52428495927961,3.134006035772816,74.9866611259306,7.066613371084926,40.462376166650984,3.8131044128626743
TOTAL_NUMBER_OF VEHICLES,4.0,4.0,3.0,0.0,0.0,1.0,33.33333333333333,1.0,33.33333333333333
CONSTRUCTION_TIME,2.2,,,,,,,,
IMPROVEMENT_TIME,199.2,,,,,,,,
ELAPSED_TIME,201.4,1.1885435581207275,,200.21145644187928,16845.108879176863,,,,
