,CARG,ORTools,Optimal Sol,difference1,rate1,difference2,rate2,difference3,rate3
TOTALCOST,1245.1849641947415,1133.4886967478703,1092.3,111.69626744687116,9.854202143112904,152.88496419474154,13.996609374232497,41.18869674787038,3.7708227362327547
TOTAL_NUMBER_OF VEHICLES,5.0,7.0,8.0,-2.0,-28.57142857142857,-3.0,-37.5,-1.0,-12.5
CONSTRUCTION_TIME,2.2,,,,,,,,
IMPROVEMENT_TIME,122.3,,,,,,,,
ELAPSED_TIME,124.5,0.7876675128936768,,123.71233248710632,15706.161605246452,,,,
