,CARG,ORTools,Optimal Sol,difference1,rate1,difference2,rate2,difference3,rate3
TOTALCOST,1102.3241418401146,1081.7787406659374,1049.62,20.545401174177186,1.8992239726886795,52.704141840114744,5.021259297661511,32.15874066593756,3.06384602674659
TOTAL_NUMBER_OF VEHICLES,4.0,5.0,3.0,-1.0,-20.0,1.0,33.33333333333333,2.0,66.66666666666666
CONSTRUCTION_TIME,2.4,,,,,,,,
IMPROVEMENT_TIME,149.6,,,,,,,,
ELAPSED_TIME,152.0,0.992912769317627,,151.00708723068237,15208.494834290534,,,,
