,CARG,ORTools,Optimal Sol,difference1,rate1,difference2,rate2,difference3,rate3
TOTALCOST,1326.8778174636868,1181.817245419663,1146.32,145.06057204402373,12.274365821469523,180.5578174636869,15.751083245837716,35.49724541966316,3.0966261968440887
TOTAL_NUMBER_OF VEHICLES,4.0,5.0,3.0,-1.0,-20.0,1.0,33.33333333333333,2.0,66.66666666666666
CONSTRUCTION_TIME,2.3,,,,,,,,
IMPROVEMENT_TIME,117.0,,,,,,,,
ELAPSED_TIME,119.3,0.9741380214691162,,118.32586197853088,12146.72452678537,,,,
