,CARG,ORTools,Optimal Sol,difference1,rate1,difference2,rate2,difference3,rate3
TOTALCOST,880.7947695763675,989.280433706671,798.41,-108.48566413030358,-10.966118446700259,82.38476957636749,10.31860442333732,190.87043370667107,23.90631802039943
TOTAL_NUMBER_OF VEHICLES,4.0,4.0,3.0,0.0,0.0,1.0,33.33333333333333,1.0,33.33333333333333
CONSTRUCTION_TIME,2.8,,,,,,,,
IMPROVEMENT_TIME,170.1,,,,,,,,
ELAPSED_TIME,172.9,0.7486941814422607,,172.15130581855774,22993.541299724133,,,,
