,CARG,ORTools,Optimal Sol,difference1,rate1,difference2,rate2,difference3,rate3
TOTALCOST,1468.3994240517177,1477.8323208745142,1261.8,-9.432896822796465,-0.6382927676946804,206.59942405171773,16.373389130743206,216.0323208745142,17.120963771953893
TOTAL_NUMBER_OF VEHICLES,5.0,7.0,9.0,-2.0,-28.57142857142857,-4.0,-44.44444444444444,-2.0,-22.22222222222222
CONSTRUCTION_TIME,2.0,,,,,,,,
IMPROVEMENT_TIME,106.5,,,,,,,,
ELAPSED_TIME,108.5,0.7742950916290283,,107.72570490837097,13912.745421352009,,,,
