,TOTALCOST,TOTAL_NUMBER_OF VEHICLES,CONSTRUCTION_TIME,IMPROVEMENT_TIME,ELAPSED_TIME
count,17.0,17.0,0.0,0.0,17.0
mean,21.05325729871172,0.11764705882352941,,,102.12930857714485
std,48.74328310271929,0.3321055820775357,,,93.75811885997034
min,-125.13573460034593,0.0,,,12.050689697265623
25%,1.1368683772161605e-13,0.0,,,32.00141968727112
50%,23.852743229765,0.0,,,39.81986541748047
75%,50.44933198079809,0.0,,,172.1246901035309
max,99.72372146594851,1.0,,,295.30535850524905
