,TOTALCOST,TOTAL_NUMBER_OF VEHICLES,CONSTRUCTION_TIME,IMPROVEMENT_TIME,ELAPSED_TIME
count,20.0,20.0,0.0,0.0,0.0
mean,7.337413842750489,13.789472164472164,,,
std,6.195720072272926,7.984802259649404,,,
min,-0.5370992546766183,0.0,,,
25%,2.8970162209608685,8.333333333333332,,,
50%,5.58450199193244,15.277777777777777,,,
75%,10.351332753791723,16.666666666666664,,,
max,19.52337637333077,27.27272727272727,,,
