case,TOTALCOST,TOTAL_NUMBER_OF VEHICLES,CONSTRUCTION_TIME,IMPROVEMENT_TIME,ELAPSED_TIME
R2_6_2,-1381.7297390776205,-1.0,,,153267.2434984684
R2_6_1,26.382657565285623,-2.0,,,232513.6379048348
R1_6_1,-529.8969338880415,1.0,,,10633.272390127182
R1_6_2,-350.4984484725537,0.0,,,26158.207093667985
