,TOTALCOST,TOTAL_NUMBER_OF VEHICLES,CONSTRUCTION_TIME,IMPROVEMENT_TIME,ELAPSED_TIME
count,4.0,4.0,0.0,0.0,4.0
mean,-558.9356159682325,-0.5,,,105643.09022177459
std,595.5045334857328,1.2909944487358056,,,106001.42762405494
min,-1381.7297390776205,-2.0,,,10633.272390127182
25%,-742.8551351854362,-1.25,,,22276.973417782785
50%,-440.1976911802976,-0.5,,,89712.72529606818
75%,-256.2781719630939,0.25,,,173078.84210006
max,26.382657565285623,1.0,,,232513.6379048348
