,TOTALCOST,TOTAL_NUMBER_OF VEHICLES,CONSTRUCTION_TIME,IMPROVEMENT_TIME,ELAPSED_TIME
count,60.0,60.0,0.0,0.0,60.0
mean,-23.23328485856563,-0.2,,,2039.2645927866295
std,154.79029429953312,0.9531393267886845,,,3264.1019477941177
min,-333.3157700458478,-2.0,,,94.9736156463623
25%,-132.41351503027533,-1.0,,,286.00898399353025
50%,-17.615388954887408,0.0,,,761.5309003829956
75%,85.10015333056708,0.0,,,2631.1180651783943
max,399.665723187914,2.0,,,23101.65115699768
