,TOTALCOST,TOTAL_NUMBER_OF VEHICLES,CONSTRUCTION_TIME,IMPROVEMENT_TIME,ELAPSED_TIME
count,23.0,23.0,0.0,0.0,23.0
mean,17.55018081035458,-0.34782608695652173,,,145.61032355142675
std,74.17985555003807,1.1122743142757674,,,124.21867086933977
min,-129.76798190403247,-2.0,,,18.33728709220886
25%,-40.75560034848348,-1.0,,,39.785280585289
50%,17.831275968138925,0.0,,,55.821812582016
75%,70.35887531054902,0.0,,,245.24517319202425
max,185.43553685162044,2.0,,,373.02348084449767
