,TOTALCOST,TOTAL_NUMBER_OF VEHICLES,CONSTRUCTION_TIME,IMPROVEMENT_TIME,ELAPSED_TIME
count,60.0,60.0,0.0,0.0,60.0
mean,-2.0139812721129973,-3.7694755927190915,,,99355.45760449032
std,4.456480621228562,6.909330539198657,,,154401.2445706138
min,-10.912906746780564,-23.07692307692308,,,2695.8504498792227
25%,-4.487584377382223,-6.666666666666667,,,7316.450500215442
50%,-1.7111626063501437,-2.4099883855981417,,,35372.69614205486
75%,0.6904101100736155,0.0,,,118271.25334396664
max,8.326392614532137,7.6923076923076925,,,835974.0065220688
