,TOTALCOST,TOTAL_NUMBER_OF VEHICLES,CONSTRUCTION_TIME,IMPROVEMENT_TIME,ELAPSED_TIME
count,12.0,12.0,0.0,0.0,12.0
mean,-9.26171046651442,-4.4815719856781895,,,172601.36463195257
std,13.672542982757712,4.919470217771114,,,232709.41408661494
min,-36.37743829214041,-12.5,,,5122.211443964001
25%,-12.382984122573227,-9.090909090909092,,,19826.76646182321
50%,-3.6814811783969033,-3.9938556067588324,,,42460.186963315835
75%,-1.1747255408114798,0.0,,,326281.21279041324
max,4.143331871462063,1.639344262295082,,,714062.2761675122
