case,TOTALCOST,TOTAL_NUMBER_OF VEHICLES,CONSTRUCTION_TIME,IMPROVEMENT_TIME,ELAPSED_TIME
R2_6_2,-5.011388252615306,27.27272727272727,,,
R2_6_1,2.339052756974162,27.27272727272727,,,
R1_6_1,7.866765771823776,6.779661016949152,,,
R1_6_2,14.9929694897137,5.555555555555555,,,
