,TOTALCOST,TOTAL_NUMBER_OF VEHICLES,CONSTRUCTION_TIME,IMPROVEMENT_TIME,ELAPSED_TIME
count,4.0,4.0,0.0,0.0,0.0
mean,5.046849941474083,16.720167779489813,,,
std,8.473046294368894,12.195289589613017,,,
min,-5.011388252615306,5.555555555555555,,,
25%,0.5014425045767952,6.473634651600753,,,
50%,5.102909264398969,17.02619414483821,,,
75%,9.648316701296256,27.27272727272727,,,
max,14.9929694897137,27.27272727272727,,,
