,TOTALCOST,TOTAL_NUMBER_OF VEHICLES,CONSTRUCTION_TIME,IMPROVEMENT_TIME,ELAPSED_TIME
count,23.0,23.0,0.0,0.0,23.0
mean,2.0498737005800747,-6.379399585921325,,,16042.566982049477
std,7.134700876727503,17.490852514054698,,,15007.421490062417
min,-9.757637725326475,-40.0,,,1725.5165489918763
25%,-3.06207677620141,-14.545454545454547,,,4301.335282463824
50%,1.6315600475250338,0.0,,,6280.00094923536
75%,6.247825004677595,0.0,,,24693.535405211893
max,19.44862040663452,33.33333333333333,,,55138.64283229727
