,TOTALCOST,TOTAL_NUMBER_OF VEHICLES,CONSTRUCTION_TIME,IMPROVEMENT_TIME,ELAPSED_TIME
count,20.0,20.0,0.0,0.0,0.0
mean,9.507762558203313,19.75,,,
std,6.660646572253578,13.60526190108118,,,
min,-8.515003740818,0.0,,,
25%,5.487294163121082,9.722222222222221,,,
50%,9.172281675408993,21.11111111111111,,,
75%,14.301154853013387,25.0,,,
max,21.641058090584657,50.0,,,
