,TOTALCOST,TOTAL_NUMBER_OF VEHICLES,CONSTRUCTION_TIME,IMPROVEMENT_TIME,ELAPSED_TIME
count,20.0,20.0,0.0,0.0,20.0
mean,-60.35097661376356,-0.5,,,26686.106456229685
std,290.0939430827224,0.8885233166386386,,,59379.41481954909
min,-800.9543043803269,-2.0,,,470.0189657688141
25%,-148.43969543359867,-1.0,,,1759.8977959036827
50%,-80.93039859308738,-1.0,,,5658.623947501183
75%,67.71494956625997,0.0,,,23951.759711647035
max,647.249522909854,1.0,,,262671.87894182204
