,TOTALCOST,TOTAL_NUMBER_OF VEHICLES,CONSTRUCTION_TIME,IMPROVEMENT_TIME,ELAPSED_TIME
count,16.0,16.0,0.0,0.0,0.0
mean,13.070200730544439,8.567595598845598,,,
std,7.368509884289078,24.913068579608723,,,
min,5.021259297661511,-44.44444444444444,,,
25%,7.061190526323513,5.357142857142857,,,
50%,11.646021223920055,15.757575757575758,,,
75%,15.906659717064088,23.333333333333332,,,
max,28.46436779474914,33.33333333333333,,,
