,TOTALCOST,TOTAL_NUMBER_OF VEHICLES,CONSTRUCTION_TIME,IMPROVEMENT_TIME,ELAPSED_TIME
count,12.0,12.0,0.0,0.0,0.0
mean,1227.179534698268,4.833333333333333,,,
std,1135.4915172442093,2.0375267241229382,,,
min,172.22756774369373,2.0,,,
25%,371.6539805718371,3.0,,,
50%,629.9048097307359,4.5,,,
75%,2336.826180857498,6.25,,,
max,3136.941828135845,8.0,,,
