case,TOTALCOST,TOTAL_NUMBER_OF VEHICLES,CONSTRUCTION_TIME,IMPROVEMENT_TIME,ELAPSED_TIME
C1_6_1,617.4666179794422,2.0,,,
C1_6_2,1031.0807168026404,7.0,,,
R2_6_2,642.3430014820296,4.0,,,
C2_6_1,463.6932782886997,3.0,,,
RC1_6_1,2786.7833291922034,6.0,,,
RC2_6_1,266.5834325067299,8.0,,,
RC1_6_2,2708.342111269434,4.0,,,
RC2_6_2,172.22756774369373,8.0,,,
R2_6_1,399.45546334785104,5.0,,,
R1_6_1,2212.9875373868526,3.0,,,
R1_6_2,3136.941828135845,3.0,,,
C2_6_2,288.24953224379533,5.0,,,
