case,TOTALCOST,TOTAL_NUMBER_OF VEHICLES,CONSTRUCTION_TIME,IMPROVEMENT_TIME,ELAPSED_TIME
RC1_6_1,16.409387636665457,10.909090909090908,,,
RC2_6_1,2.0006366450460145,57.14285714285714,,,
RC1_6_2,17.0178646865441,7.272727272727272,,,
RC2_6_2,1.4904367504653082,66.66666666666666,,,
