,TOTALCOST,TOTAL_NUMBER_OF VEHICLES,CONSTRUCTION_TIME,IMPROVEMENT_TIME,ELAPSED_TIME
count,4.0,4.0,0.0,0.0,0.0
mean,9.22958142968022,35.497835497835496,,,
std,8.647908732252757,30.77480621771725,,,
min,1.4904367504653082,7.272727272727272,,,
25%,1.8730866714008378,10.0,,,
50%,9.205012140855736,34.02597402597402,,,
75%,16.561506899135118,59.52380952380952,,,
max,17.0178646865441,66.66666666666666,,,
