,TOTALCOST,TOTAL_NUMBER_OF VEHICLES,CONSTRUCTION_TIME,IMPROVEMENT_TIME,ELAPSED_TIME
count,60.0,60.0,0.0,0.0,0.0
mean,8.512576873082855,25.666179337231974,,,
std,7.859460694462753,26.120872667644186,,,
min,-13.199069517992172,0.0,,,
25%,3.205842411210659,5.555555555555555,,,
50%,8.192258938700597,16.666666666666664,,,
75%,14.478969451997262,33.33333333333333,,,
max,22.408926128101072,100.0,,,
