,TOTALCOST,TOTAL_NUMBER_OF VEHICLES,CONSTRUCTION_TIME,IMPROVEMENT_TIME,ELAPSED_TIME
count,20.0,20.0,0.0,0.0,0.0
mean,1082.877908726617,2.1,,,
std,560.4548850374356,1.4104870379448817,,,
min,-67.36343370237591,0.0,,,
25%,851.0200966549294,1.0,,,
50%,1054.102880446745,2.0,,,
75%,1429.0885788583505,3.0,,,
max,2022.1297965129345,5.0,,,
