,TOTALCOST,TOTAL_NUMBER_OF VEHICLES,CONSTRUCTION_TIME,IMPROVEMENT_TIME,ELAPSED_TIME
count,20.0,20.0,0.0,0.0,0.0
mean,7.38716445462222,14.609649122807017,,,
std,5.791071245757766,9.51297039800059,,,
min,-7.352531290021391,0.0,,,
25%,4.5224146926096305,9.283625730994151,,,
50%,7.477693519388282,13.888888888888888,,,
75%,10.02426801487843,16.666666666666664,,,
max,19.583891745659997,33.33333333333333,,,
