,TOTALCOST,TOTAL_NUMBER_OF VEHICLES,CONSTRUCTION_TIME,IMPROVEMENT_TIME,ELAPSED_TIME
count,4.0,4.0,0.0,0.0,4.0
mean,-2.758374278151692,-1.25,,,29571.30547475815
std,528.5139964708459,0.9574271077563381,,,27034.533715511738
min,-617.4628519010475,-2.0,,,2547.564365434647
25%,-349.9892027959318,-2.0,,,9576.908939063549
50%,46.638223793492216,-1.5,,,27543.795653080942
75%,393.8690523112723,-0.75,,,47538.192188775545
max,513.1529072014564,0.0,,,60650.06622743607
