case,TOTALCOST,TOTAL_NUMBER_OF VEHICLES,CONSTRUCTION_TIME,IMPROVEMENT_TIME,ELAPSED_TIME
C1_6_1,-617.4628519010475,-2.0,,,2547.564365434647
C1_6_2,513.1529072014564,0.0,,,11920.02379693985
C2_6_1,-260.8313197608932,-1.0,,,43167.56750922203
C2_6_2,354.1077673478776,-2.0,,,60650.06622743607
