case,TOTALCOST,TOTAL_NUMBER_OF VEHICLES,CONSTRUCTION_TIME,IMPROVEMENT_TIME,ELAPSED_TIME
C1_6_1,0.0037660783946193,0.0,,,
C1_6_2,1544.2336240040968,7.0,,,
C2_6_1,202.86195852780656,2.0,,,
C2_6_2,642.3572995916729,3.0,,,
