,TOTALCOST,TOTAL_NUMBER_OF VEHICLES,CONSTRUCTION_TIME,IMPROVEMENT_TIME,ELAPSED_TIME
count,4.0,4.0,0.0,0.0,0.0
mean,597.3641620504927,3.0,,,
std,685.8225211783547,2.943920288775949,,,
min,0.0037660783946193,0.0,,,
25%,152.14741041545358,1.5,,,
50%,422.60962905973975,2.5,,,
75%,867.8263806947789,4.0,,,
max,1544.2336240040968,7.0,,,
