,TOTALCOST,TOTAL_NUMBER_OF VEHICLES,CONSTRUCTION_TIME,IMPROVEMENT_TIME,ELAPSED_TIME
count,20.0,20.0,0.0,0.0,20.0
mean,-24.23671524973012,0.05,,,3446.336657145023
std,190.57285081574986,1.3168942730211068,,,5150.7591327892815
min,-265.82612846448774,-2.0,,,238.18521070480347
25%,-204.4717299529459,-1.0,,,375.13004329204557
50%,-23.35205923978856,0.0,,,1491.999026799202
75%,134.3591705731517,1.0,,,4926.251702666283
max,399.665723187914,2.0,,,23101.65115699768
