,TOTALCOST,TOTAL_NUMBER_OF VEHICLES,CONSTRUCTION_TIME,IMPROVEMENT_TIME,ELAPSED_TIME
count,20.0,20.0,0.0,0.0,0.0
mean,15.888609521914834,16.0,,,
std,8.517182232949883,17.90011815657911,,,
min,-0.7314043061445896,0.0,,,
25%,10.375405689826422,2.7777777777777777,,,
50%,15.96685602946555,9.305555555555555,,,
75%,22.026162277181534,25.0,,,
max,31.23088211730534,62.5,,,
