,TOTALCOST,TOTAL_NUMBER_OF VEHICLES,CONSTRUCTION_TIME,IMPROVEMENT_TIME,ELAPSED_TIME
count,60.0,60.0,0.0,0.0,0.0
mean,229.27689830869386,1.6666666666666667,,,
std,244.6821244813427,0.9144168590366187,,,
min,-591.735405002818,0.0,,,
25%,90.72348013142992,1.0,,,
50%,190.8740523554476,2.0,,,
75%,349.6282519776597,2.0,,,
max,739.6373277826428,4.0,,,
