,TOTALCOST,TOTAL_NUMBER_OF VEHICLES,CONSTRUCTION_TIME,IMPROVEMENT_TIME,ELAPSED_TIME
count,20.0,20.0,0.0,0.0,0.0
mean,9.35755622517486,20.56818181818182,,,
std,7.157415667189124,19.58829447607891,,,
min,-9.42700587345655,0.0,,,
25%,7.332959121968547,2.7777777777777777,,,
50%,10.589758881775854,11.805555555555555,,,
75%,12.516609379508669,36.64772727272727,,,
max,20.854388364865947,62.5,,,
