,TOTALCOST,TOTAL_NUMBER_OF VEHICLES,CONSTRUCTION_TIME,IMPROVEMENT_TIME,ELAPSED_TIME
count,20.0,20.0,0.0,0.0,0.0
mean,11.43423714062359,27.758838383838388,,,
std,7.203558249431504,28.243500362203097,,,
min,-5.896149088145531,2.7777777777777777,,,
25%,7.835217601934458,5.555555555555555,,,
50%,12.392072771825221,13.194444444444445,,,
75%,15.269173003177967,47.97979797979798,,,
max,23.530181819299745,87.5,,,
