,TOTALCOST,TOTAL_NUMBER_OF VEHICLES,CONSTRUCTION_TIME,IMPROVEMENT_TIME,ELAPSED_TIME
count,4.0,4.0,0.0,0.0,0.0
mean,5.322739908375339,10.31454248366013,,,
std,4.9282671208203785,7.428914874902555,,,
min,2.671803759616022e-05,0.0,,,
25%,1.9571009913378412,8.333333333333332,,,
50%,5.19393844625682,11.805555555555555,,,
75%,8.559577363294318,13.786764705882353,,,
max,10.90305602295012,17.647058823529413,,,
