case,TOTALCOST,TOTAL_NUMBER_OF VEHICLES,CONSTRUCTION_TIME,IMPROVEMENT_TIME,ELAPSED_TIME
C1_6_1,2.671803759616022e-05,0.0,,,
C1_6_2,10.90305602295012,12.5,,,
C2_6_1,2.609459082437923,11.11111111111111,,,
C2_6_2,7.778417810075718,17.647058823529413,,,
