,TOTALCOST,TOTAL_NUMBER_OF VEHICLES,CONSTRUCTION_TIME,IMPROVEMENT_TIME,ELAPSED_TIME
count,16.0,16.0,0.0,0.0,16.0
mean,2.8082355393742917,-9.150820584644112,,,10521.523791017542
std,6.943049319032016,12.41943578770004,,,8957.998406335544
min,-10.96611844670026,-28.57142857142857,,,1985.2195230636723
25%,-0.34603582760540114,-20.0,,,3669.922101996855
50%,1.7388911655479196,-6.349206349206349,,,6986.01882440355
75%,4.449663842017443,0.0,,,15332.911527029513
max,19.466963987154426,7.142857142857142,,,34011.29666398918
