,TOTALCOST,TOTAL_NUMBER_OF VEHICLES,CONSTRUCTION_TIME,IMPROVEMENT_TIME,ELAPSED_TIME
count,20.0,20.0,0.0,0.0,0.0
mean,8.875943477613003,16.636048636048635,,,
std,5.956144951396484,10.370452811350727,,,
min,-2.3792847881296377,2.5,,,
25%,3.7923144623189144,8.173076923076922,,,
50%,10.485137052652444,13.88888888888889,,,
75%,12.573379369428253,25.0,,,
max,20.72477767280016,36.36363636363637,,,
