,TOTALCOST,TOTAL_NUMBER_OF VEHICLES,CONSTRUCTION_TIME,IMPROVEMENT_TIME,ELAPSED_TIME
count,4.0,4.0,0.0,0.0,4.0
mean,-24.65187128274046,-4.786620020712824,,,199229.40662230353
std,13.04357095302832,5.673267445889957,,,214482.12772309667
min,-36.37743829214041,-10.0,,,17156.293681105268
25%,-35.56668237909876,-9.318181818181818,,,21091.99520774296
50%,-25.46544340452161,-5.39291217257319,,,166655.9148597063
75%,-14.550632308163308,-0.8613503751041955,,,344793.3262742669
max,-11.299160029778186,1.639344262295082,,,446449.5030886963
