case,TOTALCOST,TOTAL_NUMBER_OF VEHICLES,CONSTRUCTION_TIME,IMPROVEMENT_TIME,ELAPSED_TIME
RC1_6_1,-36.37743829214041,1.639344262295082,,,22403.895716622188
RC2_6_1,-15.63445640095835,-9.090909090909092,,,446449.5030886963
RC1_6_2,-35.29643040808487,-1.694915254237288,,,17156.293681105268
RC2_6_2,-11.299160029778186,-10.0,,,310907.9340027904
