,TOTALCOST,TOTAL_NUMBER_OF VEHICLES,CONSTRUCTION_TIME,IMPROVEMENT_TIME,ELAPSED_TIME
count,4.0,4.0,0.0,0.0,0.0
mean,1597.9319575881445,3.75,,,
std,1303.3726645595589,0.9574271077563381,,,
min,399.45546334785104,3.0,,,
25%,581.621116948485,3.0,,,
50%,1427.6652694344411,3.5,,,
75%,2443.9761100741007,4.25,,,
max,3136.941828135845,5.0,,,
