case,TOTALCOST,TOTAL_NUMBER_OF VEHICLES,CONSTRUCTION_TIME,IMPROVEMENT_TIME,ELAPSED_TIME
R2_6_2,642.3430014820296,4.0,,,
R2_6_1,399.45546334785104,5.0,,,
R1_6_1,2212.9875373868526,3.0,,,
R1_6_2,3136.941828135845,3.0,,,
